Customer_ID,Customer_Name,Segment,Marital_Status,Gender,DOB
1,Emma Young,Consumer,Divorced,Female,04/19/83  
2.0 INR,James Hall,Home Office,Married,Male,29-Feb-92
3,Sarah Young  ,Consumer,Married,Male,19-02-2010
4,John Wilson,Consumer,Single,Female,02-03-1968
5,David Wilson  ,Corporate,Divorced,Male,22-12-1968
6,James Johnson,home office,Single,Male,11-Jun-92
7,,Corporate,married,,Apr 03 1985
8,Alice Smith,Consumer,Divorced,Male,Aug 16 2014
9,John Smith,Consumer,,Female  ,
10,Sarah Johnson,Home Office,Single,Male,12-08-1965
11,Daniel Taylor,Consumer  ,Married,Male,
12,Sophia Allen,Home Office,Divorced,Female,09-02-1960
13,Sophia Young,Home Office,Divorced,Female,16-Dec-00
14,James Taylor,Home Office,Single,Male,08-06-1994
15,James Lee,corporate,Married,Female,05/26/85
16,Sophia Young,Home Office,Married,Male,May 08 2003
17,David Lee,corporate,Single,Male,12-Jan-09
18,Michael Wilson,Consumer,Married,Female,09-Oct-85
19,David Lee,Home Office,Divorced,Male  ,19-02-1966
20,Alice Allen,Consumer,Divorced,Female,25-03-1978
21,Alice Wilson,Consumer,Single,Male,Nov 06 1987
22,,Corporate,married,Female,Feb 01 2012
23,alice hall,Consumer,Married,Female,06-10-1988
24,Olivia Lee,Corporate,Divorced,Male  ,06-09-1979
25,Alice Smith,Corporate  ,Married,Female,02-07-2011
26,Michael Brown,Home Office,Single,Male,May 01 1994
27,Sarah Smith,,Single,Male,Nov 26 2012
28,Emma Brown,Home Office,Divorced,Female  ,14-Dec-92
29,michael allen,Consumer,Divorced,Female,06-02-2001
30,Daniel Brown,Corporate,Married,Male,02-12-1979
31,Alice Wilson,Home Office,Divorced,Male,26-10-2004
32,David Young,Consumer,Single,Male,14-12-1998
33,Emma Young,Home Office,Divorced,Female,13-Jul-62
34,John Hall,Consumer,Married,Female,
35,John Lee,Consumer,Divorced,Female  ,14-07-2006
36,Olivia Lee,home office,Divorced,Male,09-Feb-63
37,Sophia Allen,Consumer,Single,Female,17-01-2004
38,Michael Young,,Married,Female,30-11-1966
39,Sarah Young,Home Office,Married,Female,06-05-1967
40,James Johnson,Home Office,Single,male,Jun 11 1992
41,,,Married,Male,07-09-1984
42,Michael Lee,home office,Married,Male,15-07-1963
43,Sarah Clark,Corporate,Single,Male,07-Sep-86
44,Daniel Taylor,home office,Single,Female,21-09-2012
45,Michael Brown,Consumer,Married,Male,22-11-1978
46,Olivia Wilson,Consumer,Divorced,Female,11/24/04
47,sarah taylor,Home Office,Married,Male,16-Sep-96
48,,Consumer,Married,Female,10-04-1982
49,James Smith,Home Office,Divorced,Male,Feb 14 1993
,John Johnson,Home Office  ,Married,Male,03-03-1980
51,Olivia Smith,Corporate,Married,Female,16-06-1965
52,Emma Taylor,Home Office,Married,,18-05-1983
53,David Brown,Corporate,Divorced,Female,23-06-1986
54,Daniel Brown,Home Office,Married,female,25-11-2003
55,Daniel Young,,Married,Male,28-Dec-01
56,John Wilson,Consumer,Single,Female,02-03-1968
57,Emma Smith  ,Home Office,Single,Male,
58,Alice Hall,Home Office,Married,Male,
59,Alice Wilson,Corporate,Married,Female,01-02-2012
60,Sophia Taylor,Corporate,Divorced,Male,03-Jun-81
61.0 INR,James Brown,Home Office,Single,Female,28-Jan-86
62.0 INR,Alice Wilson,Home Office,Married,Male,15-02-1979
63,Emma Young,Home Office  ,Divorced,Female,13-07-1962
64,Olivia Brown,Consumer,Divorced,Female,04-04-1981
65,Sophia Clark,Consumer,Single,Female,11/29/10
66,Daniel Smith,,Married,Female,03-02-1976
67,daniel allen,Home Office,Married,Female,12/16/84
68,Daniel Hall  ,Corporate,Married,Male,Apr 10 2013
69,David Smith,Consumer,Single,Female,Oct 14 1996
70,John Young,Consumer,Married,Female,27-05-2010
71,Sophia Johnson,Home Office,Divorced,Female,09-05-1963
72,Alice Young,Corporate,Divorced,Female,22-01-1969
73,Alice Smith,Home Office,Single,Female,Jul 02 2005
74,alice smith,Home Office,Single,Male,11-08-1997
75,James Allen,Corporate,Married,Male,12-Oct-87
76,David Young,Corporate  ,Divorced,Female,05/18/96
77,Daniel Lee,Consumer,Single,Male,30-06-1976
78,Michael Brown,Home Office,Single,Male,01-05-1994
79.0 INR,Sarah Wilson,Corporate,Single,Male,05-02-2012
80,Olivia Young,Consumer,Married,Female,Nov 02 1972
81,David Hall,Consumer  ,Married,Female,10/16/03
82,Emma Taylor,Consumer,Married,Female,
83.0 INR,Sarah Young,Home Office,Divorced,,May 16 1997
84,James Allen,Consumer,Married  ,Male,17-07-1970
85,Daniel Johnson,Consumer,Divorced,Male,25-12-1988
86.0 INR,Michael Clark,Home Office,Married,Male,May 28 1966
87,James Young,Consumer,Married,Male,Nov 04 1977
88,Olivia Hall,Consumer,Married,Male,08/24/12
89,David Clark,Consumer,Married,female,09-10-1975
90,John Wilson,Home Office,Married,Male,30-11-1977
91,David Johnson,Corporate,divorced,Female,25-03-2003
92,John Taylor,Home Office,Married,Female,02-06-1975
93,Olivia Johnson,Corporate,Divorced,Female,30-04-1974
94,Sophia Allen,Corporate,Single,male,29-01-1972
95,Sophia Young,Corporate  ,Single,Male,07/17/77
96,Emma Clark,Home Office,Divorced  ,Male,05-09-1991
97,Daniel Smith,Home Office,Married,Male,27-07-1995
98,Michael Lee,Corporate,Divorced,Female  ,06-07-2012
99,Alice Taylor,Consumer,Divorced,Male,12/25/99
100,Sophia Young,Consumer,Single,Female,29-Aug-70
101,John Wilson,Corporate,Married,Male,May 15 2005
102,Alice Allen,Home Office,Married,Male,19-10-1967
,Sophia Allen,Consumer,Married,Female,Jun 11 1973
104,Michael Smith,Home Office,Single,Female,Oct 18 1990
105,John Hall,Consumer,Single,Male,04-10-1989
106,Sarah Lee,Consumer,Married,Female,07-09-1968
107,Olivia Johnson,Corporate,Divorced,Male,28-07-1989
,Emma Hall,Home Office,Divorced,Male,03-12-1969
109,Daniel Allen,Home Office,Married,Female,16-Dec-84
110,Emma Hall,Corporate,Single,Male,
111,Daniel Clark,Home Office  ,Divorced,Male,07-08-1967
112,Alice Clark,Corporate,Single,Male,Mar 04 1972
113,Sophia Taylor,Consumer,Married,Male,01-06-1961
114,Olivia Young  ,Consumer,Married,male,15-08-2014
115,Alice Clark,Corporate,Married,Female,09-04-1968
116,James Hall,consumer,Single,Female,27-Jan-97
117,Michael Brown,Home Office,Married,Male,14-Sep-96
118,Olivia Taylor,Consumer,Divorced,Female,02-11-2000
119,Olivia Johnson,Corporate,Divorced,Female,Apr 30 1974
120,alice taylor,Home Office,Divorced,Female,04/17/14
121,James Smith,Home Office,Single,,01-09-1966
122,Sarah Wilson,,Divorced  ,Female,Jun 10 2003
123.0 INR,alice wilson,Consumer,Married,Female,07/13/07
124,Olivia Hall,Home Office,Single,Female,Nov 26 1978
125,Alice Smith,Corporate  ,Divorced,Male,15-Jan-68
126,Daniel Allen,Corporate,Single  ,Female,08-Jan-10
127,Sophia Wilson,Home Office,Married,Male,04-11-1988
128.0 INR,Emma Brown,Home Office,Divorced,Female,14-12-1992
129,Emma Smith,Home Office,Married,male,01-07-1964
130,Daniel Smith,Consumer,Married,Female,28-Oct-12
131,James Allen,Corporate,Married,Male,Oct 12 1987
132,Michael Hall,Home Office,single,Male,01-Dec-75
133,Sophia Brown,Home Office,Married,Male,13-01-1984
134,,Corporate,Divorced,Female,28-09-1973
135,Alice Smith,Consumer,Single,Male,Sep 03 1984
136.0 INR,James Johnson,Corporate,Single,Male,10-01-1975
137,David Hall,Corporate,Divorced,Female,28-09-1973
138,Sophia Brown,Corporate,Married,Male,Mar 19 1991
139,David Hall,Consumer,Married,,12-Jan-98
140,Sarah Johnson,Home Office  ,Married,Female,15-Apr-02
141.0 INR,Daniel Brown,Consumer,,Female,20-08-1993
142,John Johnson,Corporate,married,Male,02/28/92
143,Sophia Wilson,Consumer,,Male,23-08-1960
144,Michael Young,corporate,Single,male,01-12-1988
145,David Brown,Home Office,Divorced,Male  ,21-11-1971
146,Olivia Johnson,Home Office,Married,Female,09-08-1994
147,David Taylor,Corporate,Single,Female,22-03-1994
148,Olivia Hall,Consumer,Married,male,08/24/12
149,David Johnson,Corporate,Divorced,female,25-03-2003
150,Daniel Taylor,Home Office,Single,Female,
151,David Clark,Consumer,Single,Male,18-Sep-61
152,Daniel Brown,Consumer,Single,Female,20-08-1993
153,Michael Clark,Corporate,divorced,Female,24-10-1994
154,olivia taylor,Corporate,Divorced,Male,02-Feb-95
155,Michael Lee,,Single,Male,Feb 01 2012
156,Olivia Taylor,Consumer,Married,Male,08/17/63
157,James Johnson,Consumer,Single,Male,Jan 22 1997
158.0 INR,michael clark,Corporate,Married,Male,10-04-1990
159,Sophia Young,Consumer,Divorced,Female,10/31/73
160,Sophia Hall,Consumer,Married,Female,01-Apr-77
161.0 INR,David Allen,Corporate,Single,Female,09/15/70
162,Alice Young,Home Office,Divorced,Male,30-04-1987
163,Daniel Hall,Corporate,Married,Male,10-Apr-13
164,Emma Johnson,Corporate,Divorced,Female,25-02-1974
165,David Allen,Home Office,Divorced,female,01-09-2008
166,James Johnson,Corporate,Single,Male,11/19/71
167,Emma Smith,Home Office,Single,Male,Aug 28 2009
,Daniel Taylor,Consumer,Married,Female,29-12-1984
169,olivia allen,Corporate,Single,Male,10-Aug-79
170,Alice Wilson,,Single,Female,28-07-2013
171,Michael Clark,Home Office,Married,Male,28-05-1966
172.0 INR,Michael Hall,home office,Married,Male,01/23/14  
173,Daniel Young,Corporate,Single,female,01-06-1960
174,Daniel Taylor,Consumer,Single,Male,05-11-1992
175,Michael Wilson,Consumer,Divorced,Male,Dec 31 1979
176,Sophia Johnson,Consumer,Divorced,female,31-Jul-60
177,david johnson,Consumer,Divorced,Male,11-11-2007
178,Emma Allen,Corporate,Single,Female,Apr 02 1998
179,Michael Wilson,Home Office,Single,Female,Sep 01 1982
180,,Corporate,Single,Female,Apr 02 1998
181,Michael Wilson,Consumer,Single,Female,06-Dec-63
182,Alice Allen,Consumer,Divorced,Female,25-03-1978
183,Daniel Brown,Corporate,Married,Male,20-06-1993
184,Daniel Taylor,Consumer  ,Married,Male,17-07-1972
185,Olivia Johnson,Corporate,Divorced,Male,28-07-1989
186,James Lee,Home Office,Married,Female  ,
187.0 INR,Sophia Young,Corporate,Single,Female,Feb 07 1989
188,Sophia Clark  ,Corporate,Married,Male,08-May-12
189,Michael Johnson,Consumer,married,Male,01/21/13
190,Sophia Clark,Corporate  ,Married,male,May 08 2012
191,Sarah Smith,Home Office  ,Divorced,Male,10/13/13
192,James Smith,home office,Divorced,Male,09-03-1965
193.0 INR,Daniel Wilson,Corporate,Married,Female,29-Apr-06
194,James Johnson,Home Office,Married,Female,20-03-1962
195,Sarah Clark,Consumer,Single,Female,
196.0 INR,David Brown,Home Office,Married  ,Female,29-Mar-79
197,Michael Hall,Home Office,Single,Female,Mar 22 1979
198,John Allen,Consumer,,Male,05-10-1982
199,David Hall,Consumer,Married,Female,13-02-1980
200,Sarah Johnson,Home Office,Married,Male,13-05-1985
201,John Taylor,,Married,Male,Jun 29 1979
202,Sophia Lee,Consumer,,Male  ,26-05-1981
203,David Taylor,Home Office,Single,Female,09-03-1999
204,Emma Lee,Consumer,Married,Female,15-06-1999
205,Alice Smith,Consumer,Single,Male,03-Sep-84
206,daniel brown,Corporate,Married  ,Female,Sep 22 2001  
207,Daniel Lee,Home Office,Divorced,Female,24-02-1972
208,Alice Clark,consumer,Divorced  ,Male,04-06-1973
209,John Wilson,Consumer,Divorced,Male,14-11-1963
210,John Clark,Consumer,Divorced,male,14-01-1973
211,Daniel Allen,Consumer,,Male,07/19/07
212,Michael Young,Consumer,Divorced,Male,12-11-2012
213,Alice Young,Consumer,Divorced,Male,24-01-1970
214,Daniel Allen,Home Office,Single,Female,18-06-1986
215,David Young,Corporate,Divorced,Female,08-Aug-67
216,Sophia Brown,Corporate,Married,Male,12-03-1990
217,,Corporate,Divorced,Male,Nov 12 1981
218,Alice Johnson,Corporate,Divorced,Female,06/30/05
219,David Hall  ,Consumer,Married,Female,10/16/03
220.0 INR,Sarah Brown,Consumer,Divorced,Male,May 01 1990
221,David Lee,Corporate,Single,Male,12-01-2009
222,Daniel Wilson,Home Office,Divorced,Female,21-06-1987
223,,Home Office,Divorced  ,Male,09-10-2013
224,Daniel Allen,Home Office,Divorced,Male,29-03-2002
225,David Young,Corporate,Divorced,Male,25-Jan-94
226,Emma Hall,Consumer,Single,Male,05/25/84
227,,consumer,Single,Male,Nov 06 1987
228,David Hall,Corporate,Married,Male,15-04-1997
229,john taylor,Home Office,Divorced,Male,20-06-1986
230,Olivia Smith,Consumer,Single,Female  ,14-12-1968
231,Sophia Lee,Corporate,Married,Female,10-08-2008
232,Sarah Smith,Corporate,Married,Male,26-Jul-99
233,David Brown,Home Office,Divorced,Male,11/21/71
234,Sophia Clark,Consumer,Single,Female,29-11-2010
235,John Allen,Home Office,Divorced,Female,24-Dec-79
236,,Home Office,divorced,Male,Apr 30 1987
237,Alice Hall,Consumer,Single,Male,05-07-1975
238,Alice Clark,Corporate,Single,Male,Mar 04 1972
239,Alice Wilson  ,Consumer,,Male,07/30/86
240,Sophia Brown,Home Office,Divorced  ,Female,11-Aug-97
241,Alice Hall,Consumer,,Female,06-Oct-88
,James Wilson,Consumer,Married,Female,09-10-2008
243,James Taylor,Corporate,Divorced,Female,16-09-1995
244,Emma Lee,Consumer,Divorced,Female,03/23/07
245,Daniel Young,Home Office,Single,Female,27-Nov-62
246,John Clark,Corporate,Divorced,Female,10-08-1994
247,Alice Smith,Consumer,Divorced,male,16-08-2014
248,John Allen,,,Female,07/28/93
249,Olivia Allen,Home Office,Single,Female,11/16/79
250,Michael Allen,Consumer,Single,Female,09/15/83
251,Sophia Young,Home Office,Single,Female  ,23-Apr-03
252,Alice Allen,Home Office,Married,Male,Oct 19 1967
253,Sophia Taylor,Home Office,Married,Female,03-03-2004
254,david smith,Consumer  ,Divorced,Female,12/25/97
255,Olivia Clark,Home Office,Divorced,Male,20-03-1984
256,Sophia Young,Consumer,Single,Female,Aug 29 1970
257,Olivia Allen,Home Office,Married,Female,02/21/10
258,James Young,Consumer,Married,male,nov 04 1977
259,David Lee,Corporate,Single,Male,Jan 12 2009
260,James Smith,Home Office,Single,Male,Sep 01 1966
261,David Lee,Home Office,Single,Female,Dec 11 1988
262,James Johnson,Home Office,married,Male,09-09-2008
263,Daniel Young,corporate,Married,Female,07-08-2007
264,James Clark,Corporate,Married,Female  ,Jun 01 2000
265,michael young,Home Office  ,Single,Female,11-01-2008
266,Sarah Young,home office,divorced,Male,16-May-97
267,David Johnson,Consumer,Married,Male,12-05-1963
268,Sophia Hall,Consumer,Married  ,Male,27-Jun-13
269,Michael Wilson,Consumer,married,Male,06-11-1990
270,Sarah Young,Consumer,,Male  ,11-05-1994
271,James Wilson,Consumer,Married,Female  ,09-10-2008
272,Olivia Allen,Home Office,Married,Male,18-01-1998
273,John Wilson,Home Office,Single,Female,15-Jan-94
274,James Brown,Home Office,Divorced,Male,10-08-1975
275,Alice Young,Home Office,Divorced,Male  ,30-04-1987
276.0 INR,David Lee,Corporate  ,Single,Male,06/30/10
277,Sophia Clark,Consumer,Single,Female,Nov 29 2010
278,David Hall,Home Office,Single,Female,Dec 15 2004
279.0 INR,James Taylor,Corporate,Divorced,female,01-03-2009
280,Michael Allen,,Single,Male,22-07-2010
281,Olivia Hall,Home Office,Married,Male,
282,Sarah Lee,Consumer,Married  ,Female,07-09-1968
283,Alice Johnson,Corporate,Divorced,Female,18-03-2013
284,Alice Smith  ,Home Office,Single,Female,07-02-2005
285,Emma Taylor,home office,Married,Male,09-04-1999
286,Michael Young,,Married,Female,30-11-1966
287,Michael Brown,Home Office,Married,Male,09/14/96
288,Sophia Brown,Home Office  ,Divorced  ,Female,11-Aug-97
289,Sophia Smith,Home Office  ,Single,Male,12-09-1969
290,Emma Smith,Consumer,Married,Male,Dec 09 1996
291,Daniel Lee,Corporate,Single,Male,04-04-2008
,James Clark,Home Office,Divorced,Male,23-Jul-97
293,,Home Office,Divorced,Male,04/30/87
294,James Clark,Home Office,Divorced,Female,12-01-1977
295,Alice Hall,Consumer,Single,Female,03-Oct-66
296,James Hall,Corporate,Married,Male,18-Jun-81
297,Michael Lee,,Married,Male,15-07-1963
298,John Taylor,Corporate,Married,Male,
299,Michael Smith,Consumer  ,Married,Male  ,12-02-2007
300,Emma Clark,Corporate,single,Male,01/31/85  
301,Olivia Taylor,corporate,Single,,30-01-2013
302,Emma Taylor,Home Office,single,Male,03/21/98
303,Alice Clark,Home Office,Married,Male,29-Jun-92
304,Emma Clark,Consumer,Single,Female,07-03-1969
305,James Taylor,Corporate,Single,,07-02-1968
306,Michael Wilson,Consumer,Married,Female,18-12-2005
307,Daniel Young,Home Office,Single,Female,27-11-1962
308,Sophia Johnson,Consumer,divorced,female,31-Jul-60
309.0 INR,James Allen,consumer,Married,Male,10-Oct-91
310.0 INR,John Wilson,Consumer,Divorced,,14-11-1963
311,John Johnson,corporate,divorced,Female,02-02-1986
312,David Clark,Consumer,Married,Female,09-10-1975
313,Alice Lee,Corporate,Divorced,Female,08-03-1989
314,David Smith,Consumer,Single,Female,14-10-1996
315,Sophia Clark,Corporate,,Female,21-06-1997
316,Alice Hall,Corporate,Single,Female,08-03-2000
317,Olivia Johnson,Home Office,Married,Female,17-08-1983
318,,Corporate,Single,,11-03-1996
319,Michael Young,Home Office,Single,Female,01-11-2008
320,Olivia Young,Consumer,Married,Female,11-02-1972
321,David Smith,Corporate,Married,Male,05-04-1963
,Emma Allen,Home Office,Divorced,male,07-08-1997
323,Olivia Allen,Corporate,Single,Female,12/15/12
324,Daniel Lee,Corporate,,Male,27-12-1984
325,John Lee,Corporate,Single,Female,15-09-1984
326,michael clark,Home Office,Single,Male,10-Apr-14
327,Emma Clark,Home Office,Single  ,Male,11-07-1986
328.0 INR,Sarah Clark,Home Office,Single,Female,15-Aug-05
329.0 INR,David Hall,Home Office,Single,Female,15-Dec-04
330,John Smith,Home Office,Single,Male,23-11-1991
331,Sarah Allen,Corporate,Married,Female,05-10-1987
332,Olivia Wilson,Home Office,Married,Female,12-07-1996
333,Michael Johnson,Consumer,Divorced,Female,Apr 06 2014
334,Michael Brown,Corporate,Married,Female,06-01-1993
335,Olivia Young,Home Office,Divorced,Male,08-06-2004
336,alice clark,,Married,Male,Dec 30 1997
337,,Corporate,Single,,05-02-2012
338,Sarah Taylor,Home Office,Single,Male,Sep 02 1964
339,Alice Lee,,Divorced,Male,Apr 17 1987
340,David Clark,Consumer,Single,Male,sep 18 1961
341,Emma Allen,Home Office,Divorced,Male,15-Mar-69
342,Sarah Brown,Consumer,Single,Female,23-04-1962
343.0 INR,alice johnson,Consumer,Single,Male,02/21/93
344,Daniel Brown,Consumer,Single,Female,15-Jul-68
345,David Young,Corporate,,female,Aug 08 1967
346,John Smith,Consumer,Married,Male,Oct 28 1990  
347,Emma Young,Consumer,Divorced,Female,19-04-1983
348,Sarah Clark,,Single,Female,15-Aug-05
349.0 INR,Alice Allen,Corporate,Married,Female  ,05-01-1976
350,Michael Brown,Corporate,Single,Female,05-02-1992
351,Alice Wilson,Consumer,Divorced,Female,13-01-2014
352,David Hall,Corporate  ,Married,Male,15-Apr-97
353.0 INR,james taylor,Corporate,Married,Male,26-10-1994
354,David Lee,,Single  ,Female,Oct 21 1962
355,,Corporate,Married,Female,09/23/95
356,Daniel Allen  ,Corporate,Single,Male,23-10-2012
357,Michael Brown,Corporate,Divorced,Female,07-06-1979
358,Alice Brown,Corporate,Single,Male,13-Dec-95
359,daniel taylor,Corporate,Divorced,Male,
360,Alice Hall,Home Office,Divorced,Male,11-10-2011
361,Alice Hall  ,Corporate,Married,Female,15-08-1987
362,Sophia Hall,Consumer,,Female,
363,Sophia Wilson,Home Office,Married,Male,12/16/68
,Sarah Johnson,Home Office,Single,Female,
365,Sophia Lee  ,corporate,,Male,27-03-1963
366,Emma Hall,Corporate,,Male,15-03-1994
367,Sarah Hall,Consumer,Single,Male,08-Jul-96
368,James Wilson,,Single,Female,20-11-1980
369,James Taylor,Corporate,,Female,07-May-93
370,David Lee,Home Office  ,Single,Female,15-11-1997
371,Emma Smith,Home Office,Single,Male,08/28/09
372,Olivia Hall  ,Consumer,Divorced,Male,16-Mar-14
373,Alice Allen,Home Office,Married,Male,12-09-1983
374,Alice Brown,Home Office,Single,Male,14-06-2002
375,David Johnson,Corporate,Divorced,Female,Jul 17 1963
,Emma Johnson,Consumer,Married,Male,24-05-1969
377,Olivia Wilson,Home Office  ,Married  ,Male,14-08-1985
378,Olivia Smith,home office,Divorced,Female,29-04-1971
379,Emma Smith,Corporate,Single,female,06-05-2004
380,Daniel Allen,Consumer,Married,Male,Jul 19 2007
381,Michael Lee,Home Office,Divorced  ,Female,
382,Alice Johnson,consumer,Married  ,Male,04-Jul-11
383,Sophia Taylor,Corporate  ,Divorced,Male,03-06-1981
384,Olivia Taylor,Home Office,Divorced,Female,02-12-2006
385,David Allen,Corporate,Single,Female,Sep 15 1970
386,Emma Young,home office,Divorced,,13-07-1962
387,Olivia Johnson,Corporate,Divorced,Female,Apr 30 1974
388,James Wilson,Home Office,Single,Male,
389,Sarah Wilson  ,Consumer,Divorced,Female,03-11-1978
390,Emma Hall,Consumer,Single,Male,25-05-1984
391,Alice Smith,Home Office,,,02/14/96
392.0 INR,David Allen,Home Office,Divorced,Female,19-May-65
393,Alice Young  ,consumer,Married,Male,12-10-2010
394,Sarah Smith,Consumer,Married  ,Male,May 20 1982
395,sophia clark,Home Office,Married,Female,05-01-1991
396.0 INR,Daniel Allen,Corporate,Single,female,Mar 06 2008
397,Olivia Lee,Corporate,Divorced,Male,09-06-1979
398,Sophia Johnson,Home Office,Divorced,Female,09-05-1963
399,John Hall,consumer,Married,female,15-Dec-79
400,James Lee,Consumer,Divorced,Female  ,07-06-1963
401,John Allen,Home Office  ,Divorced,,07/28/93
402,Sarah Taylor,Home Office,Married,Male,12-12-1961
403,james smith,Home Office,Divorced,Male,03-09-1965
404,Daniel Allen,Corporate,Single,Female,08-Jan-10
405,Alice Wilson,Home Office,Divorced,Male,26-10-2004
406,David Allen,Home Office,Divorced,Female,05/19/65
407,Emma Young,Home Office,Divorced,Female,07/13/62
408,Emma Allen,Home Office,Single,Male,
409,Olivia Wilson,Home Office,Married,Male,14-08-1985
410,David Clark,Consumer,Single,Male,09-09-1999
411,Michael Johnson,Consumer  ,Single,Female,23-Apr-81
,,Home Office,Single,Female,21-05-1982
413.0 INR,Alice Allen  ,Home Office,Single,Female,02-03-1980
414,Alice Hall,Corporate,Divorced,Female  ,14-08-2000
415,David Hall,home office,Married,Female  ,25-Aug-12
416.0 INR,John Johnson,Corporate,Divorced,Female,02-02-1986
,Olivia Brown,Corporate,Single,female,05/25/92
418,Michael Lee,Home Office,,Male,30-Aug-71
419,Michael Young,Corporate,Single,,12-01-1988
420,,Corporate,Single,Male,28-06-2009
421,David Lee,Home Office,Single,Female,11-Dec-88
422,,Consumer,Married,Female,Sep 07 1968
423,Olivia Allen  ,Home Office,Married,Female,02/21/10
424,John Hall,,single,Male,09-01-1974
425,Alice Johnson,Home Office,Single  ,Male,21-12-1992
426,Alice Hall,Home Office,Divorced,Male,24-10-1964
427,Alice Smith,Corporate,Married,Female,31-12-1989
428,sarah taylor,Home Office,Married,Female,14-01-1980
429,Olivia Wilson,Home Office,Married,Male,08/14/85
430,Daniel Taylor,Corporate,Divorced,Female,04-Oct-76
431,Alice Hall,Corporate,Divorced,Female,08/14/00
432,Sarah Lee,Consumer,Single,Male,Aug 26 2010
433,Olivia Young,,Single,male,Jul 05 2010
434,Michael Allen,Corporate,Divorced,Female,02-03-1978
435,Daniel Smith,Corporate,Married,Male,22-Jul-78
436,David Allen,,Divorced,Female,19-05-1965
437,John Taylor  ,Home Office,Single,,Nov 01 2001
438,Sarah Taylor,Consumer,Divorced,Male,22-Apr-73
439,Emma Clark,Home Office,Married,female,11-04-1966
440,David Johnson  ,Home Office,Married,Male,25-02-1976
441.0 INR,Olivia Young,consumer,Married,Male,08/15/14
442,Sophia Johnson,Consumer  ,Divorced,Female,07/31/60
443,Olivia Smith,Consumer,Single,Male,17-08-1989
,Sarah Lee  ,Consumer,Married  ,Male,07-10-1976
445,John Wilson,Corporate,Married,,
446.0 INR,Sophia Wilson,,Divorced,Male,06-05-2010
447,david smith,Corporate,Married,Male,05-04-1963
448,John Hall,Corporate,Divorced,,14-04-1969
449,Michael Clark,Consumer,Married,Male,May 08 2009
450,Michael Hall,Home Office,Married,Male,17-12-1996
451,Michael Brown,,Divorced,Female,07-06-1979
452,Michael Lee,Consumer,Married,Male,27-04-2008
453,David Johnson  ,Corporate,Married,male,01-06-1987
454,Sarah Wilson,Home Office,Single  ,Male,09/28/83
455,Emma Clark,Consumer,Single,Female,03-07-1969
456,Alice Taylor,Corporate,Divorced  ,Male,29-07-2008
457,Sarah Brown,Corporate,Single,Male,11-06-1991
,Sophia Wilson,Home Office,Married,Male,04-11-1988
459,Alice Johnson,Consumer,Single,Female,Jul 29 1977
460,Alice Wilson,Consumer,Married,Male,30-Jul-86
461,Sophia Clark,,Single,Female,21-06-1997
462,John Brown,Consumer,Divorced,male,Aug 13 1979
463,Alice Hall,Home Office,Divorced,Male,Oct 24 1964
464,James Wilson,corporate,Single  ,Female,20-11-2008
465,Alice Clark,consumer,Divorced,Female,08/19/79
466,Daniel Johnson,Consumer,Single,Female,
467,James Hall,Home Office,Married,Male,29-02-1992
468,Sarah Allen,Consumer,Single,Male,27-07-1994
469,Alice Clark,Consumer,Divorced,Female,19-Aug-79
470,Emma Wilson,Corporate,Married,Male,11-08-1960
471.0 INR,Emma Taylor,Home Office,Married,male,18-10-1978
472.0 INR,Sophia Brown,Consumer,Single,Male,05-Jul-95
473,Alice Smith,Consumer,Single,Female,17-12-1982
474,Sophia Brown  ,Corporate,Married,Female,03-04-1985
,Olivia Wilson,Home Office,Married,Female,30-Nov-61
476,Sarah Clark,Corporate,Single,Male  ,Sep 07 1986
477,,Home Office,Single,Female,12-02-2014
478,,Consumer,Married,Female,Jul 09 1993
479,Sophia Clark,Consumer,Divorced,Male  ,Apr 29 1993
480,James Lee,Corporate,Single,Male,05-12-2003
481,James Lee,Corporate,Divorced,Female,03-11-1985
482,Olivia Brown,Home Office,Single,Male  ,30-06-1961
483,Sarah Hall,Corporate,Divorced,Male,15-03-1994
,Daniel Young,Corporate,Married,Female,07-08-2007
485,Emma Hall,Home Office,Divorced,Female,17-Apr-91
486,Olivia Allen,Corporate,divorced,Female,25-Jun-03
487,Daniel Brown,Consumer,Single,female,Jul 15 1968
488,Alice Lee,Corporate,Divorced,Female,03-08-1989
489,James Wilson,Consumer,Single,Female,Nov 20 1980  
490,Alice Brown,Home Office,Single,Female,06/18/09
491,James Young,Corporate,single,Male,12-Apr-64
492,Daniel Wilson,Consumer,Married,Male,05-08-1983
493.0 INR,Alice Allen,Home Office,Married,Male,09-Dec-83
494.0 INR,John Hall,Home Office,Single,Male,01-09-1974
495,Daniel Allen,Corporate,Married,,17-10-1982
496,Daniel Taylor,Home Office,Single,Female  ,21-Sep-12
497,James Smith,Consumer,Single,Male,07-05-2006
498,sarah lee,Home Office,Married,Female,13-09-2004
499,Emma Clark,Home Office,Divorced,Male,09-05-1991
500,,Corporate,Divorced,Male,
501,Sophia Clark,Consumer,Married  ,Female,16-10-2002
,Daniel Wilson,Home Office,Divorced,Female,08/25/74
503,alice clark,home office,Married,Male,
504,Emma Lee,Home Office,Married,Male,Mar 03 2001
505,Olivia Wilson,Corporate,married,,06/26/84
506,,Corporate,Married,Male,11-03-1960
507,James Clark,Corporate,Married,female,01-06-2000
508,Daniel Lee  ,Corporate,Married,Male,30-09-1990
509,Alice Wilson,Consumer  ,Single,,13-Oct-99
510,Emma Taylor,Corporate,Single,Female,05-09-1977
511.0 INR,Sophia Lee,Corporate,Divorced,Female,20-05-1991
512,Michael Smith,Corporate,Divorced,Female,Jul 02 1995
513,Olivia Taylor,Corporate,Divorced,Male,02-Feb-95
514,Sarah Allen,Home Office,Divorced,Male,19-12-1996
515,David Lee,,Single,Male,12-Jan-09
516,David Hall,Corporate,Divorced,Female,
517,Sophia Lee,Corporate  ,Divorced,Male,06/26/99
518,Emma Lee,Consumer,Divorced,Female,23-Mar-07
519,Emma Brown,Corporate,Divorced,Female,10-Sep-60
520,Michael Clark  ,,single,Female,
521,Emma Hall,Corporate,Divorced,Male,11-01-1990
522.0 INR,Michael Hall,Corporate,Single,Male,
523,Michael Clark,Consumer,Married,Female,14-05-1989
524,Michael Young,Consumer,,Male,30-Sep-09
,Olivia Johnson,Home Office,Married,Female,08/17/83
526,John Hall,Consumer,Married,Female,30-09-1960
527,Olivia Smith,,Divorced,Female,29-Apr-71
528,Alice Taylor,corporate,Divorced,,
529,Sarah Allen,Home Office,Married,Female,01/17/78
530,Alice Young,Home Office,Married,Female,Feb 11 1992
531,David Hall,home office,Married,,Aug 25 2012
532,John Johnson,consumer,Married,male,Jan 16 2007
533,Emma Smith,Home Office  ,,Male,29-Aug-93
534,John Smith,Home Office,Married,Male,05/19/11
535,Olivia Brown,Corporate,Single,male,07/16/80
536,Daniel Smith,Home Office,Married,Male,07/27/95
537,Alice Taylor,Consumer,Married,Female,09-02-2005
538,Michael Taylor,Home Office,Single,male,02-Dec-10
539,Olivia Lee,Home Office,Divorced,Male,09-Feb-63
540,Sophia Wilson,Home Office,Married,Male,02/21/69
541,Alice Wilson,Consumer  ,Married,Male,16-Jun-72
542.0 INR,Olivia Hall,Home Office,Divorced,Male,24-06-1992
543,Michael Allen,Home Office,Married,Male,Mar 24 1961
544,Daniel Lee,Consumer,Divorced,Male,05-Oct-80
545,Emma Clark,Corporate,Divorced,Male,Sep 24 1971
546,daniel young,Home Office,Single,Male,Dec 20 1977
547,john hall,Consumer,Married,Female,15-12-1979
548,Michael Clark,Consumer,Married,Female,14-May-89
549,John Johnson,Home Office,Married,Male,03-03-1980
550,Olivia Johnson,Home Office,Divorced,Female,05-Mar-68
551,James Hall,Consumer,Single,Female  ,01/27/97
552,olivia lee,Home Office,Divorced,Male,02-09-1963
553,John Taylor,Home Office,Married,female,02-Jun-75
554,Michael Johnson,Home Office,Divorced,Male,
555,Sarah Hall,Corporate,Divorced,Male  ,15-03-1994
556,John Wilson,Consumer,Divorced,Male,Nov 14 1963
557,Olivia Johnson,Consumer,Married,Female,May 31 1993
558,Alice Young,Home Office,Divorced,Male,04/30/87
559,David Brown,Consumer,Divorced,Female,Oct 03 1970
560.0 INR,Sophia Young,Corporate,Divorced,Male,14-Jan-77
561.0 INR,Daniel Wilson,Corporate,Married,Female,29-Apr-06
562.0 INR,Michael Lee,Corporate,Divorced,Female,Jul 06 2012
563,Sarah Young,Home Office,Divorced,Male,16-05-1997
564,James Smith,Home Office,Single,Male,Sep 01 1966
565,Emma Johnson  ,Home Office,Divorced,Female,Dec 30 1983
566,James Smith,Home Office,Divorced,Male  ,14-02-1993
567,Olivia Brown,Corporate,Single,male,Jul 16 1980
568,,Corporate,Married  ,Male,29-10-2005
569,Emma Smith,Corporate,Single,Female,May 06 2004
570,Alice Clark,Corporate,Single,Male,Mar 04 1972
571.0 INR,John Wilson,Corporate,Single,Female,01-09-1985
572,Sarah Taylor,Consumer,Single,Male,17-08-2003
573,,Consumer,Married,Male  ,05-11-1994
574.0 INR,Alice Clark,Corporate,Married,Female,09-04-1968
575,Daniel Brown,Consumer,Single,Female,07/15/68
576,Michael Brown,Home Office,Married,Male,02-Oct-95
577.0 INR,John Brown,Consumer,Divorced,Male  ,13-Aug-79
578,Michael Johnson,Consumer  ,Married,Male,26-01-2014
579,James Taylor,Home Office,Single,Female,28-04-1995
580,emma allen,Consumer,Divorced,Female,Nov 06 2011
581,David Wilson,Home Office,Married,Male,13-Feb-73
582,Alice Young  ,Consumer,Divorced  ,Male,24-01-1970
583.0 INR,Daniel Lee,Home Office,Single,Female,23-09-1966
584,Sophia Allen,Corporate,Single,Male,29-01-1972
585,james clark,Home Office,Divorced,Female,29-05-1988
586,Alice Johnson,Consumer,Single,Female,29-07-1977
587,Sophia Allen,Corporate,Divorced,Male,may 17 1970
588,James Young,Consumer,Single,Female,
589,James Allen,Corporate,Married,,Dec 16 1970
590,Alice Johnson,Corporate,Divorced,male,01-11-1973
591.0 INR,Daniel Hall  ,Home Office,Single,Male,03-05-1982
592,Sophia Wilson,consumer,Single,Male,Apr 27 1974
593,James Clark,Home Office,Married,Male,31-12-1997
594,john wilson,consumer,Single  ,Female,03-02-1968
595,John Wilson,Consumer,Single,Male,Dec 17 1985
596.0 INR,David Brown,Home Office,married,Female,11/22/12
597,Sophia Lee,,Divorced,Female,May 20 1991
598,David Lee  ,Home Office,Divorced,Male,02-09-1994
599,Michael Smith,Corporate,Single,Male,05-07-1995
600,Daniel Clark,Corporate,Married,,Apr 14 1991
601.0 INR,,Corporate,Married,Male,03-Nov-93
602,James Wilson,Corporate,Single,Female,20-11-2008
603.0 INR,John Smith,Corporate,Divorced,Male,Dec 19 1981
604,David Hall,Consumer,Married,Female,06-Mar-10
605,Sarah Young,Consumer,Married,Male,05-11-1994
,John Johnson,Home Office,Divorced  ,Female,08/21/09
607,Sophia Allen,Home Office,Divorced,Male,22-06-1961
608,,Home Office,Single,Male,09/27/89
609,Sophia Johnson  ,Home Office,Divorced,Female,09-05-1963
610,David Young,Consumer,Single,Male,10-Oct-69
611,Olivia Lee,home office,Divorced,Male  ,06-08-1978
612,David Brown,Home Office,Married,Female,Apr 28 1997
613,,Corporate,Single,Female,Aug 03 2000
614,Emma Wilson,Corporate,Married,Female,Jul 30 1984
615,alice smith,Consumer,Single,Female,05-10-2001
616,Alice Allen,Consumer,Divorced,Female,25-03-1978
617,Daniel Johnson  ,Corporate,Married,Female,26-Oct-00
618,Emma Lee,Corporate,Married,Male,10/29/05
619,Emma Young,Consumer,Divorced,,Apr 19 1983
620,James Allen,Corporate,Divorced,Male,07/17/68
621,Olivia Allen,Corporate,Divorced,Female,25-06-2003
622,Emma Johnson,Home Office,Single,Female,Apr 20 1980
623,John Smith,Corporate,Divorced,Male,12/19/81
624,Sarah Brown,Home Office,Single  ,,19-01-1969
625,Alice Clark,Corporate,divorced,female,Mar 28 2005
,Sarah Taylor,home office,Single,Male,02-09-1964
627,Daniel Wilson,Consumer,single,Female,Feb 21 1966
628,,consumer,Married,Male  ,12-05-1963
629,Daniel Young,Home Office  ,Married,Female,05-06-2014
630,Olivia Lee,Corporate,Divorced,Male,31-01-2002
631,Michael Lee,Corporate,Single,Female,23-May-65
632,Alice Allen,Consumer,Married,Female,12-Aug-90
633,Michael Taylor,Corporate,Single,Female,05-03-1996
634,Emma Clark  ,Consumer,Divorced,Female,Apr 24 1972
635,David Brown,Corporate,divorced,Female,Jun 23 1986
636,Emma Brown,Corporate,Divorced,Female,05/14/00
637,Emma Allen,Consumer,,Female,05-12-1983
638,emma clark,Corporate,,Male,Sep 24 1971
639,Sarah Taylor,Corporate,Married,Female,05-Mar-11
640,Emma Allen,Corporate,Married,Male,05-May-11
641,Sarah Clark,,Single  ,,Aug 16 1989
642.0 INR,,Home Office,Divorced,Male,23-Jul-97
643,Olivia Lee,Home Office,Divorced,Male,08-Jun-78
644,Sophia Smith,Corporate,Divorced,Female,17-02-2010
645,Alice Taylor,Consumer  ,Divorced,Male  ,Dec 25 1999
,Alice Johnson,consumer,Single,Male,21-02-1993
647,Olivia Taylor,Corporate,Single,Male,01/30/13
648,david taylor,Consumer,Divorced,Female,Jul 19 2013
649,Sophia Hall,Home Office,Divorced,Male,Oct 27 1983
650,Sarah Young,Home Office,Divorced,Male,16-05-1997
651,Sarah Johnson,Home Office,,Male,12-08-1965
652,Emma Taylor,Home Office,Single,Male,21-03-1998
653,Emma Wilson,Consumer,married,Female,06-11-2001
654,Alice Lee,Corporate,Divorced  ,Female,03-08-1989
655,James Smith,Corporate,Single,Female,Mar 11 1966
656,,Consumer,Single,Female,12/23/13
657,David Young,Corporate,Divorced  ,Female,Aug 08 1967
658,James Allen,Corporate,Married,Female,26-May-03
659,Emma Taylor,Corporate,Single,Female,09-05-1977
660,Daniel Taylor,Consumer,Married,Male  ,17-07-1972
661,Sophia Brown,Corporate,Married,Female,03-04-1985
662.0 INR,James Allen,Corporate,Single,Female,12-09-1973
663,John Johnson,Home Office,Divorced,Female  ,21-08-2009
664,Emma Smith,Corporate,Married,Male,03-06-1960
665,David Young,Corporate,Divorced,,08-08-1967
666,olivia lee,Consumer,Divorced,Female,19-Aug-80
667,Alice Smith,Home Office,Married,Male,02/14/96
668,Olivia Hall,Home Office,Divorced,Male,24-06-1992
669,Michael Brown,Consumer,Married,Male,22-11-1978
670,Emma Clark,Home Office,Single,Male,
671,Emma Smith,Consumer,Divorced,Female,02/14/64
672,Michael Hall,Home Office,Single,Female,03/22/79
673,Emma Brown,Corporate,Divorced,Female,01/18/06
674.0 INR,Emma Johnson,Home Office,Single,Female,03-02-2002
675,Alice Clark,Corporate,Divorced,Female,29-11-2009
676,,Consumer,Divorced,Male,10-Aug-68
677,Olivia Taylor,Corporate,Divorced,Male,02-02-1995
678,,Home Office,,Female,04/25/81
679,Olivia Clark,Corporate,Married,Male,25-Feb-13
680,Olivia Hall,Home Office,Single,Female,11/26/78
681,david lee,Home Office,Single,Female,11-12-1988
682,James Taylor,Home Office,Single,Male,06-08-1994
683,,Corporate,,Male,03-06-1960
684,Alice Hall,Consumer,Single,Female,03-10-1966
685.0 INR,Daniel Johnson,Consumer,Married,Male,Feb 18 1976
686,david brown,Consumer  ,Single,Male,24-08-2012
687,Olivia Brown,Consumer,,Female,04-Apr-81
688,Sophia Clark,Corporate,married,Male,05-08-2012
689,Alice Allen,Corporate,Divorced,Male,Apr 10 2001
690,emma hall,Home Office,Single,Male,07-Jan-69
691.0 INR,Daniel Brown,Home Office,Married  ,Female,
692,,Home Office,divorced,Female,02-Oct-72
693,Alice Wilson,Home Office,Married,Female,03/19/94
694,james allen,Consumer,Married,Male,jul 17 1970
695,Sophia Young,Home Office,Married,Male,May 08 2003
696,James Clark,Home Office,,Female,29-05-1988
697,Olivia Hall,Consumer,Married,Male,24-08-2012
698,Emma Hall,Corporate,Married,Male,04/21/84
699,Daniel Brown,Corporate,Married,Male,06/20/93
700,Emma Johnson,Home Office,,Female,06-06-1983
701.0 INR,John Hall,Corporate,Divorced,Male,Apr 14 1969
702,James Taylor,Corporate,Single,Female,07-Feb-68
703,James Taylor,Home Office,Married,Female,16-Sep-75
704,james johnson,Consumer,Single,Male,22-01-1997
705.0 INR,John Johnson,Corporate,Married,Male,28-02-1992
706.0 INR,James Johnson,Consumer,,Male,22-11-1997
707.0 INR,Alice Johnson,Corporate  ,Married,Female,26-Sep-80
708,David Wilson,Home Office,Married,male,Feb 13 1973
709,Alice Wilson,Consumer,Divorced,Female,13-Jan-14
710,Emma Smith,Corporate,Single,Female,May 06 2004
711,Michael Brown  ,Corporate,Divorced,Male,07-Mar-11
712,Michael Brown,Home Office,Divorced,,27-06-2011
713,Sophia Wilson,Home Office,Married,Male,21-02-1969
714,alice allen,Consumer,Married,Male,Dec 22 2000
715,Alice Smith,corporate,,Male,
716,olivia brown,Home Office,Single,Male,27-09-1968
717,Michael Lee,Corporate,Single,Male,02-01-2012
718.0 INR,James Allen,,Single,Female,12-09-1973
719,Daniel Smith,Corporate,Married,Male,Jul 22 1978
720,Daniel Clark,Corporate,Single,Female,Sep 12 2000
721,Alice Allen,Consumer,Divorced,Female,Mar 25 1978  
722,david young,Corporate,Divorced,Female,05/18/96
723,Olivia Young,Home Office,Divorced,Male,06-08-2004
724,James Clark,Home Office,Divorced,Female,Jan 12 1977
725,Olivia Smith,Consumer,,male,May 23 2008
726,Michael Young,Consumer,Divorced,Male,11-12-2012
727,David Clark,Home Office,Married,Female,11-05-1986
728,Sophia Young,Home Office,,Female,16-12-2000
729,Sarah Smith,Home Office,Single,Male,26-11-2012
730,Daniel Allen,Home Office,Single,Female,18-06-1986
731,Alice Young,Home Office,Divorced,Male,Apr 30 1987
732,John Allen  ,Home Office,Divorced,Female,07/28/93
733,Alice Hall,Home Office,Married,Female,01-Jan-91
734,Olivia Wilson,Home Office,Married,Female,07-12-1996
735,Sophia Lee  ,Consumer,Divorced,Female,Jun 06 1982
736,Michael Clark,Consumer,Married,Male,05-08-2009
737,Sophia Wilson,Home Office,Married,Male,04-11-1988
738,Sophia Young,,Single,Female,07-02-1989
739,Sophia Hall,,Divorced,Male,
740,James Wilson,Home Office,Single,Male  ,Jun 30 1976
741,Daniel Brown  ,Corporate,Married  ,Female,22-Sep-01
742,olivia taylor,Consumer,Married,Male,17-08-1963
743.0 INR,Sarah Young,Corporate,Single,Male,29-08-2002
744,Sarah Taylor,Home Office,Single,male,02-Sep-64
745,Daniel Allen,Home Office,Married,Female,
,David Lee,Home Office,Divorced,Male,09-02-1994
747,John Lee,Home Office,Married,Male,jul 04 2014
748,John Wilson,Consumer,,Male,17-Dec-85
749,Emma Smith,Home Office,Single,Female,Aug 02 1978
750,Daniel Lee,Home Office,Single,Female,09-07-1970
751,John Clark,Consumer,Divorced,Male,30-10-1982
752,John Clark,Consumer,Divorced,Male,oct 30 1982
753,Michael Clark,,Single,male,10-04-2014
754,Daniel Taylor,Home Office,Divorced,Male,11-01-2006
755,,Corporate,Single,Male,10-08-1998
756,Sarah Wilson,Home Office,Married,Male,23-01-1977
757,Sophia Young,Consumer,Single,Female,29-Aug-70
758,Sarah Wilson,Corporate,Single,Male,02-05-2012
759,Olivia Young,Consumer,Single,Female,25-12-2012
760,James Lee,Corporate,Divorced,Female,Nov 03 1985
761,Sophia Young,Home Office,Single,Female  ,
762,Daniel Taylor,Home Office,Single,Female,09-04-1996
763,Olivia Wilson,Consumer,Married,Female,28-Nov-07
764,Michael Lee,Home Office,Married,Male,15-07-1963
765,David Young,consumer,Married,Male,21-08-1968
766,Sarah Taylor,Corporate,married,Female,08-03-2003
767,Sarah Young,Consumer,Married,Male,02/19/10
768,James Smith,,Single,Male,01-09-1966
769,Daniel Lee,Corporate,single,Male,04-04-2008
770,Daniel Wilson,Home Office  ,Married,Male,Nov 01 1971
771,Sophia Johnson,Consumer,Divorced,Female,31-07-1960
772,Alice Allen,Consumer,Divorced,Female,13-04-1971
773,John Taylor,home office,Married,Female,02-06-1975
774.0 INR,David Hall,Consumer  ,Married,Female,12-01-1998
775,Emma Taylor,Home Office,Single,Female,Apr 12 2013
776,James Wilson,consumer,Single,Female,Nov 20 1980
777,James Lee,Corporate,Married,Female,26-05-1985
778,James Hall,Home Office,Divorced,Male,14-02-1972
779,Alice Wilson,Consumer,married,Female,23-03-2008
780,John Wilson,Consumer,Married,Female,09/23/71
781,,Corporate,Single,Male,17-07-1977
782,Alice Hall,Corporate,Divorced,Female,12-06-1965
783.0 INR,Daniel Allen,Home Office,Divorced,Male,29-03-2002
784,emma brown,Corporate,Divorced,Female,Sep 17 1961
785,James Young,Consumer,Single,Female,08/16/67
786,Michael Lee,Corporate,Divorced,Female,Jul 06 2012
787.0 INR,Michael Allen,Consumer,Married,Male,24-Sep-60
788,Sophia Hall,Consumer,Single,Female,08/28/99
789,,Home Office,Divorced,Female,
790,Olivia Lee,Consumer,Single,Female,12-Nov-86
791,Sarah Johnson,,Single,Female,04/13/74
792,Emma Taylor,,Single  ,Male,
793,Michael Clark,Home Office,Married,Male,28-May-66
794,Michael Hall,Corporate,Single,Female,05-01-2004
795,Sophia Young,Corporate,Single,Male,17-Jul-77
796,,Home Office,Divorced,Female,02-Oct-72
797,James Lee,Corporate,Single,Male,05-12-2003
798,Sophia Young,Home Office,Married,Male,05-08-2003
799,Daniel Clark  ,Home Office,Divorced,Male,07-Aug-67
800,,Consumer,Married,Male,05-08-2009
801,Daniel Taylor,Corporate,Single,Female,02/20/73
802.0 INR,Alice Allen,Home Office,divorced,Female,07-10-1985
803,John Taylor,home office,Married,Female,
,Emma Wilson,Consumer,Married  ,Female,06-11-2001
805.0 INR,Daniel Taylor,Consumer,divorced,Female,02-05-1984
806,John Lee  ,Corporate,Divorced,Female,17-11-1989
807,Olivia Johnson,Corporate,Divorced,,28-07-1989
808,,Consumer  ,Single,Female,15-07-1968
809,John Johnson,Home Office,Married,Male,03-Mar-80
810,john johnson,Home Office,Divorced,Male,Jun 07 1978
811,Olivia Young,Corporate,Divorced,Female,27-Dec-11
812,david lee,Home Office,divorced,Male,02/19/66
813,David Hall,Consumer,Married,Female,16-Oct-03
814,John Hall,Consumer,Single,Male,04-Oct-89
815,Emma Hall,Consumer,Single,Male,05/25/84
816,Michael Brown,Home Office,Single,Male,05/15/79
817,Sarah Taylor,Home Office,Single,Male,02-09-1964
,Olivia Brown,Home Office,Single,Male  ,30-06-1961
819,Sarah Young,Consumer,Divorced,Male,Feb 21 1984
820.0 INR,,Consumer,Married,Male,16-06-1972
821,Daniel Wilson,,married,Female,19-05-2004
,Olivia Johnson,Corporate,Divorced,Male,28-Jul-89
823,James Smith,Corporate,,Female,24-05-1992
,Sophia Allen,Home Office,Single,Male  ,04-Jan-96
825,David Lee,corporate,Single,Male,Oct 08 1998
826.0 INR,James Brown,Consumer,Divorced,female,Feb 12 2010
827,Alice Young,,Single,,31-07-2012
828,Michael Clark,Corporate,Single,Female,03-10-1974
829,Daniel Smith,Consumer,Married,Female,31-03-2001
830,Alice Clark,Corporate,Single,Female,11-Nov-99
,James Brown,Corporate,Divorced,Female,Jul 04 1995
832.0 INR,Daniel Smith,Corporate,Single,Male,14-10-2009
833,Sophia Wilson,home office,Married,Female,20-09-2001
834,David Wilson,Home Office,Divorced,Female,Jun 12 1994
835,Alice Johnson,Consumer,Married,Male,04-Jul-11
836,Sophia Clark,Consumer,Divorced,Male,29-Apr-93
,David Johnson,Home Office,Married,Male,25-Feb-76
838,David Johnson,Corporate,Single  ,Female,09-Feb-68
839,emma lee,Consumer,Single,Male,07/19/02
840,Michael Johnson  ,Consumer,Married,Male,Jan 26 2014  
841.0 INR,Daniel Brown,Corporate,Married,Female,01/15/88
842,John Johnson,Home Office,Divorced,,21-Aug-09
843,Michael Brown,Corporate,Married,Male,20-05-1974
844,Sarah Young,Consumer,Single,Female,May 11 1966
845.0 INR,Michael Hall,Consumer,single,Female,07/17/00
846,Daniel Smith,,Single,Male,14-Oct-09
847,Daniel Johnson,Home Office,Married,Female,May 13 1994
848,Alice Johnson,Corporate,Divorced,Female,18-Mar-13
849,Daniel Johnson,Consumer,Divorced,Female,Apr 01 1992
850,michael johnson,Consumer,Married,Male,01/21/13
851,Daniel Hall,Home Office,Married,Female  ,Nov 27 1963
852,Michael Wilson  ,Consumer,Single,Female,06-Dec-63
853,James Smith,,Divorced,Female,02/20/66
854.0 INR,Olivia Hall,Home Office,,Male,24-06-1992
855,Olivia Allen  ,Home Office,Single,Female,Nov 16 1979
856,Michael Johnson,Consumer,Single,Female,23-Apr-81
857.0 INR,Daniel Wilson,Corporate,Married,Female,29-Apr-06
858,Alice Allen,Consumer,Divorced,Female,Apr 13 1971
859,david clark,,,Male,
,Emma Taylor,Consumer,Married,female,28-May-76
,Olivia Clark,Corporate,Single,Female,07-10-2010
862,Sophia Hall,Consumer,Married,Male,27-Jun-13
863,Daniel Brown,Consumer,single,Female  ,15-Jul-68
864,James Lee,Consumer,single,Female,24-12-1979
865,John Allen,Corporate,Single,Male,28-06-2009
866,Michael Young,Home Office  ,Divorced,Male,07-04-1987
867,John Allen,,Single,Male,Jun 28 2009
868,Daniel Young,home office,Married,Female,Jun 05 2014
869.0 INR,James Lee,Consumer,Single,Female,Mar 14 1991  
870,James Lee,Consumer,Divorced,Female,18-Jul-05
871,James Hall,Home Office,Single,Male,Apr 20 2010
872,Michael Clark,Corporate,Divorced,,24-Oct-94
873,Sophia Wilson,,Married,Female,20-09-2001
874,John Hall,Consumer  ,Married,Male,09-11-2010
875,John Brown,Corporate,Single,Male,Mar 11 1996
876,David Brown,Corporate,Married,Female,02-10-1984
877,,consumer,Single,Female,02/21/66
878,James Taylor,Corporate,Single,Female,07-02-1968
879,Sophia Brown,Corporate,Married,Female,Nov 24 1965
880,Alice Wilson,Home Office,Married,Male,15-02-1979
881,Sarah Allen,Corporate,Divorced,Female,11-12-2006
882,David Young,Corporate,Single,Male,03/19/74
883,,Home Office,Divorced,Female,Oct 25 1996
884,,Corporate,Married,Male,05/15/05
885,Daniel Lee,Home Office,Single,Female,09/23/66
886,Daniel Young,Home Office,Married,Female,Jun 05 2014
887,Olivia Young,Consumer,Single,,
888,Michael Allen,Consumer,Single,Female,15-Sep-83
889,James Hall,Consumer,Single,,27-Jan-97
890,michael wilson,Consumer  ,married,Female,09-10-1985
891,Michael Brown,Corporate,Single,Female,02-05-1992
892,Daniel Clark,Home Office,Divorced,Male,Aug 07 1967
893,David Lee,Corporate  ,Single,Male,30-Jun-10
894,Michael Lee,Consumer,Divorced,Female,16-07-2001
895,Sarah Johnson,Home Office,Single  ,female,05-Dec-85
896,Sophia Allen,Home Office,Single,Male,04-01-1996
897,Daniel Clark,Home Office  ,Divorced,Male,14-04-2008
898,Sarah Lee,Home Office,married,Female,16-12-1986
899,David Clark,Home Office,Divorced,Female,01/20/14
900,Alice Allen,Home Office,Divorced,female,10-Jul-85
901,Sophia Lee,Corporate,Single  ,Male,27-03-1963
902,Daniel Young,Home Office,Married,Male,28-12-2001
903,David Wilson,Home Office  ,Divorced,Male,Oct 31 1962
904,Olivia Johnson,Corporate,Divorced,Male,28-07-1989
905,Emma Wilson,Home Office,Single,Female,May 21 1982
906,,Consumer,Divorced,Male,Oct 30 1999
907,Michael Brown  ,corporate,Single,Male,14-Jul-69
908,James Johnson,Home Office,Married,Female,20-03-1962
,James Lee,Consumer,Single,Female,03/14/91
910,David Young,Home Office,Divorced,Male,06/24/14
911,David Johnson,Corporate  ,Divorced,Female,25-03-2003
912,James Clark,Consumer  ,Married,Female,22-05-2010
,Daniel Smith,Home Office,Married,Male,Jul 27 1995
914,David Johnson,Consumer,Married,,05-12-1963
915,Sarah Johnson,Corporate  ,Divorced,male,24-10-1988
916,Emma Smith,Corporate,Married,Male,06-03-1960
917,Sarah Johnson,Home Office,Divorced,Male,26-03-1967
918,John Lee,Consumer,Divorced,Female  ,14-Jul-06
919,Sophia Wilson,Corporate,Married,Female,03/27/89  
920.0 INR,Alice Johnson,Corporate,Single,Male,23-11-1979
921,David Hall,Consumer,married,,
922,David Johnson,Home Office,Single,female,09-12-1969
923,olivia young,Corporate,Divorced,Female,27-Dec-11
924,,Corporate,,Female,13-09-1997
925,Sophia Clark,Consumer,Divorced,Male,29-Apr-93
926,Emma Allen,Corporate,Single,Female,02-04-1998
927,Alice Johnson,Corporate,married,Female,09/26/80  
928.0 INR,James Smith,Consumer,Single,Male,05-07-2006
929,Daniel Wilson,Home Office,Divorced,Female,Jun 21 1987
930.0 INR,Emma Allen,consumer,Single,Female,Oct 23 1979
931,James Smith,Home Office,Divorced,Male,09-03-1965
932,Sophia Allen,Corporate,Single,Male,29-01-1972
933.0 INR,John Taylor,Home Office,Married,Female,Jun 02 1975
934,James Brown,Corporate,Divorced,Female,19-10-2000
935.0 INR,Alice Wilson,Consumer,Married,Male,30-07-1986
936.0 INR,Daniel Smith,Home Office,Married,Female,03-Feb-76
937,Sophia Lee,Corporate,Divorced  ,Female  ,05/20/91
938,Sophia Wilson,Home Office,Divorced,Male,06-May-10
939,John Smith,Corporate,Divorced,Male,19-12-1981
940,David Smith,Consumer,divorced,Female,25-12-1997
941,Michael Smith,Consumer,Divorced,Male,13-Feb-99
942,Alice Allen  ,Consumer,married,Female,08-12-1990
943,Michael Brown,Corporate,,Male,07-03-2011
944,Sophia Johnson,Consumer,Married,Female,09-08-2002
945,Olivia Lee,Consumer,Divorced,Female,08/19/80
946,Olivia Brown,Home Office,Single,Male,Jun 30 1961
947,Michael Brown,Corporate,Married,Male,May 20 1974
948,Alice Clark,Corporate,Divorced,Male,05/13/12
,Alice Brown,Home Office,Single,Female,18-06-2009
950,Daniel Hall,Home Office,Single,Male,05-03-1982
,Michael Young,Corporate,Single  ,,12-Jan-88
952,Olivia Johnson,Home Office,Married,Male,09/16/06
953,Alice Allen,Consumer,Married,male,22-Dec-00
954,Alice Taylor,Home Office,,Female,Sep 08 1999
955.0 INR,Alice Johnson,Home Office,Single,Male,21-12-1992
956,Sophia Wilson,Home Office,Married,Female,Sep 20 2001
957,John Wilson,Consumer,Single,Female,03-02-1968
958,Alice Lee,Corporate,Single,Female,23-Aug-66
959,John Johnson,Home Office,Divorced,Female,Aug 21 2009  
960,Alice Clark,Consumer,Single,Female,22-07-1968
961,Daniel Young,Corporate,Single,Female,01-06-1960
962,Daniel Taylor,Corporate,Single,Female,20-02-1973
963,James Taylor,Corporate,Married,Male,26-10-1994
964,James Young,Corporate,Divorced,Female,22-05-1984
965.0 INR,Emma Smith,Home Office,Single,Female,aug 02 1978
966,James Allen,Home Office,Married,Female,01/19/60
967,Emma Wilson  ,Home Office,Single,Female  ,
968,James Wilson,Home Office,,Male,30-06-1976
969,John Brown,Home Office,Married,Male,21-Jun-83
970,David Brown  ,Home Office,Married  ,Female,11/22/12
971,James Smith,Consumer,Single,Male,07-05-2006
972,Emma Taylor,Consumer,Single,Female  ,19-07-1960
973,David Hall,Consumer,Married,Female,Oct 16 2003
974,Daniel Young,Corporate,Divorced,Female,06-12-1965
975,John Clark  ,Consumer,Single,Female,01-10-1984
976,Alice Hall,,Divorced,Female,14-08-2000
977,Emma Johnson,Home Office,Divorced,Female,06-06-1983
978,Daniel Taylor,Home Office,Single,Female,09-Apr-96
,Emma Lee,Home Office,Married,Female,04/14/62
980,David Wilson,Home Office,Married,female,09-Nov-71
981,daniel brown,Corporate,Married,Male,20-06-1993
982,Emma Allen,Corporate,Single,Female,05-09-1993
983.0 INR,Michael Allen,,Married,Male,24-03-1961
984,Olivia Young  ,Home Office,Divorced,Male,08-06-2004
985,Emma Johnson,Corporate,Married,Male,03-Oct-94
986,James Lee,Corporate,Married,Female,26-05-1985
987,Sophia Young,Home Office,Single,Female,Apr 23 2003
988,Alice Brown,Corporate,Single,Female,07/14/74
989.0 INR,David Brown,Home Office,Married,Female,29-03-1979
990,Daniel Young,Corporate,single,Female,01-Jun-60
991.0 INR,David Young,Consumer,Married  ,Male,Aug 21 1968
992.0 INR,David Allen,Consumer,single,Male,07-Jan-11
993,Alice Clark,,Single,,22-07-1968
994,James Allen,Corporate,Single,Female,09-12-1973
995,Sarah Johnson,Corporate,Divorced,Female  ,06-09-1974
996,Olivia Taylor,Consumer  ,,Male,14-01-1981
997,Michael Clark,Home Office,Single,Male,10-Apr-14
998,Alice Johnson,Consumer,Married,Male,04-Jul-11
999,Emma Johnson,Home Office,Single,female,20-Apr-80
1000,Alice Allen,Consumer,Single,Male,Sep 21 1964
