Type_Description,Policy_Name,Start_Date,Policy_Type,Policy_ID,Policy_Term,End_Date,Customer_ID
Life Insurance,Auto Protect,2020/11/20,Life,1.0,Monthly,Nov 20 2023,51878.0
Life Insurance,Auto Protect,19-12-2011,Life,2.0,yearly,Dec 17 2016,53024.0
Vehicle Insurance  ,Auto Protect,25 Sep 2017,Auto,3.0,Monthly,24 Sep 2021,28046.0 INR
Vehicle Insurance,Health Shield,,Auto,4.0,Monthly,15 Nov 2022,95403.0 INR
Vehicle Insurance,Auto Protect,02/13/10,Auto,5.0,Yearly,02/12/13,44050.0
Life Insurance  ,Life Guard,08/19/12,Life,6.0,monthly,19 Aug 2014,64030.0
Health Insurance,Auto Cover,31 Jan 2010,Health,7.0,Yearly,01/30/15  ,14572.0
Health Insurance,Health Shield,2020/08/10,Health,8.0,Monthly,09-08-2024,22037.0
Life Insurance,Life Guard,03-04-2018,Life,9.0,Monthly,Apr 02 2021,35268.0
Health Insurance,Life Secure,22-05-2014  ,Health,10.0,Yearly,2018/05/21,37248.0 INR
Health Insurance,Auto Cover,02 Dec 2014,Health,11.0,Yearly,2015/12/02,83602.0
Vehicle Insurance,Auto Protect,04 Jul 2012,Auto,12.0,Quarterly,2015/07/04,18872.0
Vehicle Insurance,Auto Cover,23 Oct 2013,Auto,13.0,Yearly,23 Oct 2014,64214.0
Health Insurance,Auto Cover,Feb 26 2013,Health,14.0,quarterly,02/26/16,98778.0
Health Insurance,Life Guard,17-10-2010,Health,15.0,Quarterly,2015/10/16,48818.0
,Health Shield,07/05/16,Auto,16.0,Monthly,Jul 05 2018  ,47237.0
Vehicle Insurance,Auto Protect,28 Mar 2019,Auto,17.0,Yearly,Mar 26 2024,69155.0
Health Insurance,Auto Cover,,Health,18.0,Yearly,26 Jan 2024,4344.0
Health Insurance,Auto Cover,2018/03/25,Health,19.0,quarterly,24-03-2021,87396.0
Health Insurance,Life Guard,25-12-2014,Health,20.0 INR,yearly,25-12-2015,20556.0
Life Insurance,Health Shield,21-10-2012,,21.0 INR,Monthly,2015/10/21,70909.0
Life Insurance,health shield,,Life,22.0,Monthly,17-12-2012,27211.0
Health Insurance,Life Guard,25-12-2014,Health,,Yearly,2015/12/25,7561.0 INR
Life Insurance,Life Secure,2020/02/22,Life,24.0,Monthly,20-02-2025,66678.0
health insurance,Auto Cover,08/01/16  ,Health,,Yearly,31-07-2021,52407.0
Health Insurance,Life Guard,11/13/15  ,health,26.0,monthly,11/12/19,14242.0
Vehicle Insurance,Life Guard,26-04-2014,Auto,27.0,Monthly,25 Apr 2017,96638.0 INR
Health Insurance,life secure,Mar 08 2015,Health,28.0,Monthly,06 Mar 2020,24403.0
Life Insurance  ,life secure,2018/10/28,Life,29.0,yearly,2020/10/27,89448.0 INR
Health Insurance,,Jan 17 2014,Health,30.0,Monthly,01/16/18,47276.0
Life Insurance  ,auto protect,Apr 19 2013,Life,31.0,Monthly,18 Apr 2017,8443.0
Vehicle Insurance,,2017/02/04,Auto,32.0,Monthly,02/04/18,95907.0
Life Insurance,Auto Protect,Apr 19 2013,Life  ,33.0 INR,Monthly,Apr 18 2017,95883.0
Life Insurance,Life Secure,2016/09/03,Life,34.0,Yearly,09/02/21,82518.0
Vehicle Insurance,,2013/05/16,Auto,35.0,Yearly,16 May 2014,49416.0
life insurance,Auto Cover,05/03/19,Life,36.0,Yearly,2024/05/01,76914.0
Vehicle Insurance,Auto Cover,07/23/13,Auto,37.0,Monthly,22 Jul 2018,49004.0
health insurance,Auto Cover,01 Aug 2016,Health,38.0,Yearly,31-07-2021,53194.0
Life Insurance,Auto Protect,Jun 01 2019,Life,39.0,Quarterly,May 31 2021,13604.0
Vehicle Insurance,Auto Cover,Sep 05 2016,Auto,40.0,Quarterly,2018/09/05,77496.0
Health Insurance,Auto Protect,16 Mar 2019  ,Health,41.0,Quarterly,15 Mar 2022,47021.0 INR
Health Insurance,Life Guard,04 Dec 2020,Health,42.0,Monthly,2021/12/04,21976.0 INR
Health Insurance,Health Shield,05/17/14,Health,43.0,Quarterly,05/17/15,30966.0
Health Insurance,Auto Protect,06-11-2017,Health,44.0,Quarterly,11/06/18,27901.0
Health Insurance,Health Shield  ,2020/06/26,Health,45.0,Yearly,26 Jun 2023,79756.0
Vehicle Insurance,Life Guard,Oct 13 2015,Auto,46.0,Quarterly,12 Oct 2018,41554.0
Health Insurance,Auto Protect,Aug 03 2011,Health,,,Aug 02 2015,14717.0
Health Insurance,,11/30/10,Health,48.0,Monthly,29-11-2014,30547.0
,Health Shield,21 Oct 2012,Life,49.0,Monthly,,9692.0
Health Insurance,Life Secure,18 Sep 2013,Health,50.0,monthly,,9469.0
Vehicle Insurance  ,Health Shield,17-01-2017,Auto,51.0,Yearly,Jan 17 2020,17031.0
Health Insurance,Health Shield,01-10-2016,Health,52.0 INR,Yearly  ,30-09-2020,37371.0
Vehicle Insurance,Health Shield,2014/12/15  ,Auto,53.0,Yearly,14 Dec 2016,24675.0
Vehicle Insurance,Life Secure,22-04-2018,Auto,54.0,,21 Apr 2022,68313.0 INR
life insurance,Auto Protect,14-01-2011,Life,55.0,Yearly,01/13/14,24518.0
Health Insurance,Auto Cover,2017/11/17,Health,56.0,quarterly,11/16/21,1562.0
Health Insurance,Auto Protect,01 May 2020,Health,57.0,Monthly  ,30-04-2025,15706.0
Health Insurance,Auto Cover,09-05-2015,Health,58.0,Yearly,05/08/19  ,95602.0
Vehicle Insurance,Life Guard  ,Jan 21 2017,Auto,59.0,Monthly  ,20 Jan 2021,15373.0
Vehicle Insurance  ,Auto Cover,15 Nov 2018,Auto,60.0,Monthly,11/14/23,24086.0
Vehicle Insurance,Auto Protect,Jan 31 2012,Auto,61.0,Yearly,01/30/14,35842.0
life insurance,Auto Protect,20-08-2013  ,Life,62.0,Monthly,2015/08/20  ,9726.0
Life Insurance,Auto Cover,25 Sep 2016,Life,63.0,Monthly,25-09-2019,68503.0
Health Insurance,Auto Protect,24-05-2016,Health,64.0,Yearly,May 24 2017,53676.0
Health Insurance,Life Guard,28-05-2018,Health,65.0,Quarterly,2021/05/27,51953.0 INR
Life Insurance,Auto Cover,21 Nov 2013,Life,66.0,Yearly,20-11-2016,61334.0
Vehicle Insurance,Auto Protect,2018/01/18,Auto,67.0 INR,Yearly,17 Jan 2023,37246.0
Health Insurance,Auto Protect,04-08-2019,Health,68.0,Quarterly,08/03/21,47729.0
Vehicle Insurance,Auto Protect,Jul 08 2015,Auto,69.0,Monthly,07-07-2017,73886.0
Health Insurance,Auto Protect,04 aug 2019,Health  ,70.0 INR,Quarterly,03 Aug 2021,28286.0
Health Insurance,Life Secure,05-03-2018,Health,,Yearly,Mar 04 2021,60808.0
Vehicle Insurance  ,Life Secure,Apr 03 2016,Auto,72.0,Monthly,Apr 03 2018,53917.0
Vehicle Insurance,Auto Protect,24-04-2014,auto,73.0,yearly,23-04-2018,65621.0
Vehicle Insurance,Life Guard,30-04-2020,Auto,74.0,Yearly,apr 30 2021,3489.0
Health Insurance,Life Guard,27 Jun 2015  ,Health,,Quarterly,06/26/17,52331.0
Vehicle Insurance,Health Shield,11/03/15,Auto,76.0,Quarterly,02 Nov 2016,49134.0
Life Insurance,,20 Jan 2019,Life,77.0,,19 Jan 2023,34650.0
life insurance,Health Shield,,,78.0,Yearly  ,11/16/17,44664.0
Life Insurance,Auto Protect,19-09-2018,Life,79.0,Quarterly,18-09-2022,35958.0
Health Insurance,Auto Cover  ,2010/08/04,Health,80.0,Yearly,03-08-2012,37601.0 INR
Life Insurance,Life Secure  ,28 May 2010,Life,81.0,Yearly,2011/05/28,25364.0
Health Insurance,Life Guard,Sep 25 2017,,82.0,Yearly,24 Sep 2022,19893.0
Life Insurance,Life Guard,Sep 15 2018,Life,83.0,Yearly,Sep 15 2019,2941.0
Health Insurance,Life Guard,10/17/10,Health,84.0 INR,,Oct 16 2015,72828.0
Life Insurance,Life Secure,2011/06/13,Life,85.0,Monthly,12-06-2013,76952.0
Vehicle Insurance  ,health shield,02 Apr 2014,Auto,86.0,,Apr 02 2015,534.0
Health Insurance,Auto Protect,06-11-2017,Health,,Quarterly,2018/11/06,69985.0
life insurance,Auto Protect,10-10-2018,Life,88.0,Monthly,10-10-2019  ,15593.0
Health Insurance,Auto Protect,05 Jul 2020,Health,89.0,Yearly,05-07-2022,57219.0
Health Insurance,Health Shield,12/26/19,Health,90.0,Monthly,,30861.0
vehicle insurance,Life Guard,Nov 01 2020,Auto,91.0,Quarterly,,10008.0
Life Insurance,Life Guard,07/13/14,Life,92.0,Monthly,Jul 13 2015,54088.0
Vehicle Insurance,,02/18/14,Auto,93.0,Monthly,2019/02/17,12264.0
Vehicle Insurance,life guard,May 26 2017,Auto,94.0 INR,Yearly,25 May 2022,86894.0
Health Insurance,life secure,05-10-2011,Health,95.0,Yearly,03-10-2016,25640.0
Health Insurance,Life Guard,2010/07/31,Health,96.0,Monthly,30-07-2013,55444.0
,Life Secure,12-10-2010,Life,97.0,Yearly,Oct 11 2014,56697.0
,Life Secure,May 11 2017,Auto,98.0,Quarterly,2022/05/10,42997.0
Vehicle Insurance,Life Guard,Dec 17 2018,Auto,99.0,Monthly,16-12-2022,50753.0
Health Insurance,Health Shield,06/26/20,Health,100.0,,26-06-2023,78499.0
Life Insurance,Auto Cover,2020/05/19,Life,101.0,Yearly,May 18 2024,73191.0 INR
Health Insurance,Life Guard,09/04/11,Health,102.0,Quarterly,03 Sep 2015,43449.0
Health Insurance,,22-03-2018,Health,103.0,Quarterly  ,21-03-2023,68563.0
Health Insurance,Life Secure,2018/03/17,Health,104.0,Monthly,Mar 16 2022,30275.0
Vehicle Insurance,Auto Cover,14 Apr 2015,Auto,105.0,Monthly,12 Apr 2020,74695.0
Vehicle Insurance,Life Secure,04/03/16,Auto,106.0,Monthly  ,04/03/18,18982.0 INR
Vehicle Insurance,Auto Protect,Jul 18 2011,Auto,107.0,Monthly,17-07-2012,82878.0
Vehicle Insurance,Life Secure,15-04-2019  ,Auto,108.0,Yearly,04/14/21,46537.0
Health Insurance,Auto Cover,12/29/16,Health,109.0,Monthly,28-12-2020,77280.0
Health Insurance,Life Secure,03/27/13,,110.0,Monthly,03/26/17,58464.0 INR
Vehicle Insurance,Auto Cover,23 Jul 2013,Auto,111.0,Monthly,22 Jul 2018,31940.0 INR
Life Insurance,Health Shield,Nov 24 2019,Life,112.0,Yearly,Nov 22 2024,11403.0
Health Insurance,Life Secure,30-03-2018,Health,113.0,Quarterly,03/29/22,67048.0
Vehicle Insurance,Life Secure,2018/04/29,Auto,114.0 INR,Monthly,2020/04/28,48304.0
,Health Shield,03/06/18,Health,115.0,Quarterly,03/05/23,29847.0
Vehicle Insurance,Auto Protect,07 Apr 2013,Auto,116.0,,04/06/18,73965.0
Vehicle Insurance,Life Guard,2015/10/13,Auto,117.0,Quarterly,10/12/18,81617.0
Life Insurance,Life Guard,Nov 22 2010  ,Life,118.0,Monthly,21 Nov 2015,12714.0
Life Insurance,Auto Cover,12/01/12  ,Life,119.0,quarterly,01 Dec 2014,17844.0
Vehicle Insurance,Life Guard,Jul 20 2013  ,Auto,120.0,Quarterly,19 Jul 2017,71785.0
Life Insurance,,28-03-2019,Life,121.0 INR,Quarterly,27 Mar 2022,65324.0
Life Insurance,Life Secure,06/15/20  ,Life,122.0,Monthly,2025/06/14,43448.0
Life Insurance,Life Secure,30-05-2013,Life,123.0,Quarterly,29 May 2018,43767.0
Health Insurance,Life Secure,2017/11/20,Health,124.0,Yearly,2022/11/19,
Vehicle Insurance,auto cover,Sep 05 2016,Auto  ,125.0,Quarterly,Sep 05 2018,4047.0
Life Insurance,Life Secure,03 Dec 2011,Life,126.0,,02-12-2014,91609.0
Vehicle Insurance,Health Shield,07 Apr 2019,Auto,127.0,Monthly,Apr 06 2020,22022.0
Vehicle Insurance,Auto Protect  ,Jun 06 2014,Auto,128.0,Monthly,Jun 06 2015,111.0 INR
Life Insurance,Life Guard,Jul 06 2014,Life,129.0,Yearly,2017/07/05,64313.0
,Auto Cover,23-08-2019,Life,130.0,monthly,Aug 22 2023,22894.0
Vehicle Insurance,Life Guard,2011/12/10,Auto,131.0,Quarterly,Dec 09 2012,1224.0
Life Insurance,Auto Cover,16-09-2020,Life,132.0,Yearly,09/16/21,67862.0
Life Insurance,Life Secure,Jul 13 2017,Life,133.0 INR,Monthly,2022/07/12,33097.0 INR
Life Insurance,Life Secure  ,30 May 2013,Life,134.0,,29 may 2018,92142.0
Vehicle Insurance,Health Shield,04/12/11  ,Auto,135.0 INR,Quarterly,11 Apr 2014  ,94927.0
Vehicle Insurance,Auto Cover,15 Sep 2013,Auto,136.0 INR,Quarterly,2016/09/14,81861.0
Life Insurance,,01 Jan 2015,Life,137.0,Monthly,01/01/16,98447.0
vehicle insurance,Health Shield,01-08-2014,Auto,138.0,Quarterly,08/01/15,80045.0
Life Insurance,Health Shield,Oct 16 2014,life,139.0,Monthly,Oct 15 2016,80175.0 INR
Life Insurance,Auto Cover,apr 14 2014,Life,140.0,Monthly,13-04-2016,74517.0
Vehicle Insurance,Auto Cover,Aug 03 2013,Auto,141.0 INR,Quarterly  ,08/03/15,31833.0
Health Insurance,Health Shield,2018/10/22,Health,142.0,Yearly,21 Oct 2020,95365.0
Vehicle Insurance,Life Secure,,Auto,143.0,Yearly,2018/08/03,66643.0
Life Insurance,Life Secure,,Life,144.0,,01/05/18,96492.0
Life Insurance,Health Shield,2011/07/13,Life,145.0,Quarterly,2012/07/12,33501.0
Health Insurance,Life Guard,,Health,146.0,Monthly,2021/12/04,15775.0
Vehicle Insurance  ,Health Shield,2011/05/27,Auto  ,,Monthly,May 26 2015,83455.0
Health Insurance,Life Guard,09/25/17,Health,148.0,Yearly,24 Sep 2022,53052.0
Health Insurance,Auto Protect,05/19/16,Health,149.0,Monthly,2021/05/18,32641.0
Vehicle Insurance,Auto Cover  ,2016/02/23,Auto,150.0,quarterly,22 Feb 2018,58093.0
Life Insurance,Life Guard,Jan 01 2015,Life,151.0,Monthly,Jan 01 2016,38029.0 INR
Life Insurance,Life Guard,Oct 12 2019,Life,152.0,Quarterly,11 Oct 2022,22845.0
Life Insurance,Life Secure,2015/05/15  ,Life  ,153.0,Quarterly  ,2019/05/14,77616.0
Health Insurance,Auto Protect,05/19/16,Health,154.0,Monthly,18 May 2021,39592.0
Vehicle Insurance,Auto Cover,Feb 15 2017,Auto,155.0 INR,Monthly,2020/02/15,44055.0
Vehicle Insurance,Auto Cover,12/19/10,Auto,156.0,Monthly,Dec 18 2014,
Life Insurance  ,,2012/01/01,Life,157.0,Yearly,31-12-2013,4157.0
Vehicle Insurance,Auto Cover,2013/01/21,Auto,158.0,Yearly,21-01-2016,91232.0
Health Insurance  ,Life Guard,18 Jun 2020,Health,159.0,Yearly,,68735.0
Life Insurance,Auto Protect,2011/04/06,Life,160.0,Quarterly,05 Apr 2013  ,37711.0
Life Insurance,Life Guard,19-08-2012,Life,161.0,Monthly,2014/08/19,67646.0
Health Insurance,Auto Protect,Jan 28 2019,Health,162.0 INR,Quarterly,Jan 27 2024,82615.0
Life Insurance,Life Guard,08/05/17,Life,163.0,Quarterly,aug 05 2018,55635.0
Life Insurance,Life Guard,08-11-2016,life,164.0,Monthly,08-11-2018,21345.0
Life Insurance  ,Auto Protect,Mar 26 2018,Life,165.0,Monthly,03/25/22,5480.0 INR
Health Insurance,Auto Cover,22-06-2013,Health,166.0,Quarterly,2018/06/21,87916.0
Vehicle Insurance,Life Guard,05/28/19,Auto,167.0,Monthly,May 27 2020,66928.0
Health Insurance,Auto Protect,02 Apr 2016,,168.0,Monthly,Apr 02 2018,67058.0
Vehicle Insurance,Life Secure,2011/03/04,Auto,169.0,monthly,2016/03/02,52576.0
health insurance,Life Secure,2018/09/04,Health,170.0,Quarterly,03-09-2020,47211.0 INR
Vehicle Insurance,Auto Cover,,Auto,171.0,Quarterly,08-02-2017,16766.0
Vehicle Insurance,Auto Protect,11-02-2020,Auto,172.0,Yearly,09-02-2025,81115.0
Vehicle Insurance,Life Secure,08/12/10,Auto  ,173.0,Monthly  ,08/11/12,68594.0
Health Insurance,Health Shield,06 Oct 2011,health,174.0,Yearly,05 Oct 2014,60369.0
Health Insurance,Auto Cover,Nov 30 2017,Health,175.0,Quarterly,,72884.0
Life Insurance,Life Guard,2010/11/22,Life,176.0,Monthly,2015/11/21,9066.0
Vehicle Insurance,Life Secure,2018/11/07,Auto,177.0,Quarterly  ,11/06/21,22678.0
vehicle insurance,Life Guard,Jun 18 2017,auto,178.0,Yearly,18 Jun 2019,66387.0 INR
Health Insurance,Auto Cover,01/27/19,,179.0,Yearly,26 Jan 2024,66012.0
Health Insurance,Health Shield,09-07-2015,Health,180.0,monthly,07/08/16,94616.0
Health Insurance  ,Life Guard,,health,181.0,Quarterly,27-05-2021,35355.0
Health Insurance,Auto Protect,15 Aug 2018,Health,182.0,Quarterly,14-08-2023,36371.0
Vehicle Insurance,Life Guard,07/28/18,Auto,183.0 INR,Monthly,28-07-2019,41947.0
Life Insurance,Auto Protect,08-04-2011,Life,184.0,Quarterly,04/07/14,18943.0
Health Insurance,Auto Protect,04 Aug 2019,Health,185.0 INR,quarterly,03 Aug 2021,86624.0
Life Insurance  ,Health Shield,09/30/15,Life,186.0,Quarterly,2020/09/28,92451.0
Vehicle Insurance,Health Shield  ,10-01-2014,Auto,187.0,Yearly,10-01-2015,51110.0
Vehicle Insurance,Auto Cover,31-12-2017,Auto,188.0 INR,Yearly,30 Dec 2021,19533.0 INR
Health Insurance,Life Secure,09/15/16,Health,189.0,Monthly,09/15/17,76139.0
Health Insurance,Health Shield,07-12-2012,Health  ,190.0,yearly,2017/12/06,9228.0
Vehicle Insurance,Auto Cover,16 Oct 2018,Auto,191.0,Monthly,2023/10/15,90016.0
Life Insurance,Auto Cover,2013/11/21,Life,192.0,Yearly,20-11-2016,80261.0
,Life Guard,2015/06/27,Health,193.0,Quarterly,26 Jun 2017,61016.0
Vehicle Insurance,Health Shield,Jul 05 2011,Auto,194.0,Quarterly,04 jul 2012,93005.0
Health Insurance,Auto Protect,05/12/11,Health,195.0,Monthly,2014/05/11,91370.0
Life Insurance,Life Guard,12-09-2012,Life  ,196.0,Monthly,2013/09/12,53397.0
vehicle insurance,Auto Cover,2013/08/03,auto,197.0,Quarterly,08/03/15,15427.0
Health Insurance,,2010/02/24,Health,198.0,Yearly,Feb 24 2012,76100.0 INR
Life Insurance,Life Secure,03/31/10,Life  ,199.0,Monthly,31-03-2011  ,68877.0
Life Insurance,Auto Protect,2010/12/02,Life,200.0,yearly,12/01/15,81212.0
Health Insurance,Life Guard,Jul 03 2019,,201.0,Monthly,02-07-2020,52220.0
life insurance,Life Guard  ,21 May 2014,Life,202.0,yearly,2015/05/21,51297.0
Health Insurance,Life Guard,29-03-2019,Health,203.0,Quarterly,28-03-2022,20947.0
Life Insurance,Auto Cover,09 Jul 2013,Life,204.0,Yearly,2018/07/08,60249.0
Health Insurance,Auto Protect,Jul 27 2020,Health,205.0,Monthly,Jul 27 2022,34299.0
Life Insurance,Life Guard,18 Sep 2015,Life,206.0,Quarterly,09/17/19,41588.0
Life Insurance,life secure,25 Aug 2019,Life,207.0,Quarterly,24-08-2020,10711.0
Health Insurance,Health Shield,2016/10/01,Health,208.0,Yearly,09/30/20,
Health Insurance,Auto Protect,Jun 25 2015,Health,,Yearly,06/24/18,6698.0
life insurance,Life Secure,12/24/11,Life,210.0,Quarterly,12/22/16,451.0
Vehicle Insurance,,30 Aug 2018,Auto,211.0,Monthly,29-08-2022,48466.0
Health Insurance,Life Guard,09/06/20  ,Health,212.0,Quarterly,05 Sep 2024,4660.0
Life Insurance,Life Guard,07/22/16,Life,213.0,Yearly,Jul 21 2020,91425.0
Life Insurance,Auto Protect,11 Nov 2015,Life,214.0,Monthly,2016/11/10,94002.0
Life Insurance,Life Guard,2012/09/12,Life,215.0,Monthly,12 Sep 2013,52663.0
Life Insurance,Auto Protect,15 Aug 2014,,216.0,Yearly  ,08/14/17,28829.0
Vehicle Insurance,Life Guard,2011/06/21,Auto,217.0 INR,Monthly  ,06/20/14,50719.0
Health Insurance,Life Guard,2014/06/09,Health,218.0,Quarterly,Jun 09 2015,30515.0
Health Insurance,Life Guard,06-09-2020,Health,219.0,Quarterly,2024/09/05,74771.0
Vehicle Insurance,Auto Cover,Apr 22 2013,Auto,220.0,Monthly,21-04-2018,8421.0 INR
Vehicle Insurance,Health Shield,02 Apr 2014,Auto,221.0,monthly,2015/04/02  ,96720.0
Life Insurance,Life Secure  ,06/15/20,Life,222.0,Monthly,Jun 14 2025,89951.0
Vehicle Insurance,,03/25/19,Auto,223.0,Monthly,24-03-2022,10068.0
Health Insurance,Life Secure,2015/07/18,Health,224.0,,17 Jul 2016,65264.0
Health Insurance,Life Secure,06 Jul 2013,Health,225.0,Quarterly,05-07-2017,8357.0
Life Insurance,Auto Protect,Apr 06 2011,Life,226.0,Quarterly,04/05/13  ,40666.0 INR
Life Insurance,Life Guard,05/10/13,Life,227.0,Yearly,May 09 2016,14591.0
Vehicle Insurance,life guard,10/28/12,Auto,228.0,Quarterly,28-10-2013,49551.0
Vehicle Insurance,Life Guard,09/11/13,Auto,229.0 INR,Quarterly,11-09-2014,92443.0 INR
Life Insurance,Life Guard,2015/08/01,Life,230.0,Monthly,2019/07/31,23350.0
Vehicle Insurance,Life Guard,04/10/15,Auto,231.0,Quarterly,08 Apr 2020,33681.0
Life Insurance,Life Secure,2012/03/11,Life,232.0,Monthly,2014/03/11,88387.0
Life Insurance,Life Guard,13-07-2014,Life,233.0 INR,Monthly,Jul 13 2015,2168.0
Health Insurance  ,Auto Protect,2013/03/26,Health,234.0,Monthly,Mar 25 2018,80949.0
life insurance,Auto Protect,2020/11/15,Life,235.0,Monthly,2024/11/14,54187.0
Life Insurance,Life Secure,10 Feb 2014,Life  ,236.0,Quarterly,09-02-2019,99029.0
Vehicle Insurance,Life Secure,02 Aug 2010,Auto,237.0,Quarterly,Aug 01 2013,61671.0
Life Insurance,Auto Cover,20-05-2017,Life,238.0,Quarterly,05/20/18  ,52026.0 INR
Vehicle Insurance,,,Auto,239.0,Quarterly,09/22/13,6403.0
Life Insurance,Auto Cover,Mar 14 2019,Life,240.0,Yearly,2020/03/13,96669.0 INR
Life Insurance,Auto Protect,11/20/20,Life,241.0,Monthly,2023/11/20,75572.0 INR
Vehicle Insurance,Auto Cover,2015/06/29,Auto,242.0,Quarterly,Jun 28 2019,47760.0
Health Insurance,Auto Cover,2011/12/21,Health  ,243.0,Quarterly,20-12-2014,50815.0
Health Insurance,Health Shield,,Health,244.0,Yearly,15 Jan 2015,48014.0
Life Insurance,Health Shield,Aug 27 2011,Life,245.0,Monthly,,54145.0 INR
Life Insurance,Auto Cover,21-11-2018,life,246.0,Quarterly,20-11-2021,45945.0 INR
vehicle insurance,,Aug 21 2012,Auto,247.0,Quarterly,aug 20 2016,39212.0
Life Insurance,,16 Apr 2012,Life,248.0,Yearly,2016/04/15,91707.0
Vehicle Insurance,Auto Protect,28 Apr 2017,Auto,249.0,Yearly,2018/04/28,29143.0
Vehicle Insurance,Life Secure,07/08/11,Auto,250.0,Monthly,07/07/12,35599.0
health insurance,Life Guard,09/04/11,Health,251.0,Quarterly,09/03/15,98582.0
Life Insurance  ,Auto Cover,2015/01/18,Life,252.0,Quarterly,17-01-2018,68789.0
Health Insurance,Auto Cover,09/07/16,Health,253.0 INR,Yearly,2018/09/07,89899.0
Health Insurance,Auto Protect,05/12/18,Health,254.0,Yearly,05/11/21,97249.0
health insurance,Health Shield,Sep 24 2011,Health,255.0,Quarterly,Sep 23 2012,33082.0
Vehicle Insurance,Life Secure,Sep 23 2010,Auto,256.0,Quarterly,09/22/13,6698.0
Health Insurance,Life Guard,15 Nov 2020,Health,257.0,Yearly,2022/11/15,94739.0
Vehicle Insurance,Health Shield,Nov 15 2020,Auto,258.0 INR,Monthly,11/15/22,61290.0
Health Insurance,Auto Cover,2018/08/06,Health,259.0,Quarterly,08/05/21,92849.0
Life Insurance,Health Shield,02/19/10,Life,260.0,Quarterly,Feb 18 2013,73496.0
Vehicle Insurance,Life Secure,03 Aug 2016,Auto,261.0,Yearly,08/03/18,79168.0 INR
Health Insurance,Health Shield,12/29/14,Health,262.0,Quarterly,12/29/15,78155.0
Vehicle Insurance,Auto Cover,03/03/18,Auto,263.0,Yearly,03/02/21,3916.0
Vehicle Insurance,Auto Cover,Jul 18 2012  ,Auto,264.0 INR,Monthly,07/18/14,34089.0
Life Insurance,Auto Cover  ,07/14/17,,265.0,Yearly,07/14/18,34642.0
Vehicle Insurance,,08-08-2011,Auto,266.0,Quarterly,07-08-2015,6512.0
Life Insurance,Auto Cover,2015/08/29,Life,267.0 INR,Quarterly,27 Aug 2020,3050.0
Health Insurance,auto protect,03/27/18,Health,268.0 INR,Yearly,2021/03/26,27823.0
Health Insurance,Auto Cover,19 Feb 2017,Health,269.0,Yearly,02/18/21,6740.0
Life Insurance,Auto Protect,25-04-2013,Life,270.0,Yearly,24 Apr 2018  ,8077.0
Life Insurance,Auto Protect,Apr 19 2013,Life,271.0 INR,Monthly,2017/04/18,94230.0 INR
Life Insurance,Auto Cover,15-03-2015,Life,272.0,Monthly,14 Mar 2017,26517.0
Health Insurance,Life Guard,10/25/17,Health,273.0,Quarterly,Oct 24 2022,47387.0
Health Insurance,Auto Cover,27-07-2013,Health,274.0,Quarterly,Jul 26 2017,65157.0
Life Insurance,Health Shield,16-04-2017,Life,275.0,Monthly,15 Apr 2022,63126.0
Life Insurance,Life Guard,2016/07/22,Life  ,276.0,yearly,07/21/20,41211.0
Health Insurance,Auto Cover,2013/04/06,Health,277.0,Quarterly,06-04-2014,28775.0
Vehicle Insurance,Life Secure,18-04-2015,Auto,278.0,Quarterly,2020/04/16,80064.0
Life Insurance,Auto Protect,02-12-2010,life,279.0,Yearly,01-12-2015,10461.0
Vehicle Insurance,Life Guard,30-10-2018,Auto,280.0,Monthly,10/30/19,63277.0
Life Insurance,Auto Cover,2017/03/01,Life,281.0,Monthly  ,29 Feb 2020,57976.0
Vehicle Insurance,Auto Cover  ,Jun 18 2011,Auto,282.0,Yearly,17 Jun 2012,50807.0
life insurance,Life Guard,Oct 30 2013,Life,283.0,Monthly,10/29/16,3769.0
Health Insurance,Auto Cover,2016/09/07,Health,284.0,Yearly,06-09-2021,74442.0
Vehicle Insurance,Auto Cover,Dec 06 2019,,285.0 INR,Quarterly,,72664.0
Life Insurance,,2018/11/21,Life,286.0,Quarterly,11/20/21,63159.0
Life Insurance,Life Secure,2018/03/20,,287.0,Yearly,20 Mar 2019,
Vehicle Insurance,Health Shield,28-01-2019,Auto,288.0,Quarterly,27 Jan 2021,93042.0
Health Insurance,Life Secure  ,06/21/20,Health,289.0,Monthly,06/21/23,13132.0
Health Insurance,Health Shield  ,12/07/12,Health,290.0 INR,Yearly  ,06 Dec 2017,26914.0
Health Insurance,Life Secure,09 Oct 2010,Health,291.0,monthly,08-10-2014,67619.0
Vehicle Insurance,Auto Cover,2019/03/25,Auto,292.0,Monthly,24 Mar 2022,67179.0
Life Insurance,Auto Cover,19-07-2013  ,Life,293.0,Monthly,19 Jul 2014,46173.0
Life Insurance,Life Secure,May 18 2017,Life,294.0,Monthly,May 17 2021,82999.0 INR
Health Insurance,Life Guard,10/10/16,Health,295.0,Quarterly,Oct 10 2018,79869.0
Health Insurance,Life Guard,11-01-2017,Health,296.0,Monthly,11 Jan 2018,96755.0
Life Insurance,Auto Cover  ,06/30/11,Life,297.0,Yearly,06/29/14,27901.0
Life Insurance,Life Guard,06-07-2010,Life,298.0,yearly,2012/07/05,95132.0
Life Insurance,Life Secure,2015/10/27,Life,299.0,Quarterly,2019/10/26,85766.0
Health Insurance,,03/12/14,Health,300.0,Quarterly,11 Mar 2016,76589.0 INR
,Auto Cover,25-03-2019,Auto,301.0,Monthly,24 Mar 2022,85418.0 INR
Health Insurance,Auto Protect,01 Jul 2016,Health,302.0,Monthly,07/01/18,7158.0 INR
Life Insurance,Auto Protect,Nov 07 2012,Life,303.0,Quarterly,2017/11/06,34059.0
Vehicle Insurance,Life Guard,Feb 18 2014,Auto,304.0,Yearly,Feb 17 2018,95774.0
Health Insurance,Auto Protect,25 Jun 2015,Health,305.0 INR,Yearly,Jun 24 2018,37594.0
Health Insurance,Life Guard,25-12-2014,Health,306.0,Yearly,12/25/15,81581.0
Vehicle Insurance,Life Guard,05 Sep 2018,Auto,307.0,Quarterly,Sep 04 2022,28409.0
Vehicle Insurance,Life Secure,14-03-2013,Auto,308.0,Quarterly,,37408.0
Health Insurance,Auto Cover,2011/12/21,Health,309.0,Quarterly,2014/12/20  ,64062.0
Vehicle Insurance,Life Secure,19-07-2014,Auto,310.0,Yearly,19 Jul 2015,85677.0
Vehicle Insurance,Auto Cover,2015/09/10,Auto,311.0,Yearly,09-09-2016,77502.0
Life Insurance,Auto Cover  ,2015/03/31,Life,312.0,Quarterly,03/30/19,21632.0
Vehicle Insurance,life secure,Jun 09 2015,Auto,313.0,Yearly,06/08/19,79493.0
Life Insurance,Life Guard  ,01/24/13,Life,314.0,Yearly,01/24/14,17318.0
Life Insurance,Life Guard,08/10/11  ,Life,315.0 INR,Yearly,08/09/12,88327.0
Life Insurance,Life Guard,13-08-2010,Life,316.0,Yearly,12-08-2013,35851.0
Health Insurance,Health Shield,Aug 07 2011,Health,317.0,Monthly,06-08-2013,4476.0
Health Insurance,Health Shield,04/10/19,Health  ,318.0,Monthly,09-04-2022,59164.0
Life Insurance  ,Auto Protect,03/28/15,Life,319.0,Yearly,27-03-2016,39127.0 INR
Health Insurance,Life Guard,06-09-2020,Health,320.0,Quarterly  ,09/05/24,91115.0
health insurance,Life Secure,07/18/15,Health,321.0,Yearly,17-07-2016,47750.0
life insurance,Life Secure,18 Jul 2011,Life,322.0,Monthly,Jul 17 2013,8944.0 INR
Life Insurance,,08/06/18,Life,323.0,Monthly,08/05/21,10269.0
Life Insurance,Life Secure,25 Aug 2019,Life,324.0,Quarterly,08/24/20,
Vehicle Insurance,,Feb 18 2014,Auto,325.0,Monthly,2019/02/17,94497.0
Vehicle Insurance,Life Guard,01 Mar 2012,Auto,326.0,Monthly,03/01/13,63562.0
Life Insurance,Life Guard,2017/08/05,life,327.0,Quarterly,05-08-2018,36059.0
health insurance,Life Secure,,Health,328.0,Yearly,2018/07/28,93434.0
Life Insurance,Life Secure,19 Jun 2016,Life,329.0,Quarterly,18-06-2020,48246.0
Vehicle Insurance,Life Secure,05-12-2010,Auto,330.0,Yearly,12/04/15,12330.0
,life secure,17 Mar 2014,Life,331.0,Yearly  ,16 Mar 2019,22767.0
Vehicle Insurance,Life Secure,Mar 20 2014,auto,332.0,Monthly,19-03-2019,19488.0
Health Insurance,Auto Protect,11 Dec 2013,Health,333.0,Monthly,2015/12/11,69646.0
Life Insurance,Life Secure,10-03-2015,Life,334.0,Monthly,Mar 09 2017,58605.0
Vehicle Insurance,health shield,07/05/16,Auto,335.0,monthly,05 Jul 2018,55782.0
life insurance,,12-05-2014,Life,336.0,Yearly,May 12 2015,31165.0
Life Insurance  ,Life Guard,20 Jan 2020  ,Life,337.0,Yearly,Jan 19 2022,29833.0
Vehicle Insurance,Auto Cover,05 Sep 2016,Auto,338.0,Quarterly,09/05/18,22430.0
Health Insurance,Health Shield,Jul 28 2017,Health,339.0,Quarterly,2019/07/28,5672.0
Vehicle Insurance,Life Guard,09 May 2020,Auto,340.0 INR,Yearly,08-05-2025,13605.0
Life Insurance,Auto Cover,04/04/11,Life,341.0,Monthly,04/03/13,82333.0
Life Insurance,Auto Protect,2012/03/03  ,Life,342.0,Monthly,03 Mar 2013,24045.0
Health Insurance,Auto Protect,08-08-2019,,343.0,Yearly,2024/08/06,53094.0
Life Insurance,life guard,Jun 15 2020,Life,344.0,Monthly,06/15/21,
Life Insurance,Life Guard,jan 23 2019,Life,345.0,Yearly,01/23/20,23633.0
Life Insurance,Life Secure,29 Jun 2013,Life,346.0,Monthly,29-06-2015,96662.0 INR
Life Insurance,Auto Protect,,Life,347.0,Yearly,Jan 10 2022,52714.0
Life Insurance,Life Secure,2019/12/21,Life  ,348.0,Monthly,Dec 20 2022,53654.0
Life Insurance,,Mar 11 2020,Life,349.0,Monthly,Mar 11 2022,
Life Insurance,Life Guard  ,22 Nov 2010,Life,350.0,Monthly,21 Nov 2015,70635.0
Health Insurance,Health Shield,2017/08/10,Health,351.0 INR,Monthly,09 Aug 2021,59864.0
Health Insurance,Auto Cover,27-07-2015,Health,352.0,Quarterly,25 jul 2020,92007.0
Life Insurance,life secure,Oct 27 2015,Life,353.0,Quarterly,26 Oct 2019,79883.0
Life Insurance,life guard,2010/11/22,Life,354.0,Monthly,11/21/15,44209.0
Vehicle Insurance,Auto Cover  ,05 Sep 2016  ,Auto  ,355.0,,09/05/18,14170.0
Life Insurance,Auto Cover,18 Apr 2020,Life,356.0,Yearly,Apr 17 2024,35888.0
Health Insurance,Life Secure,09 Oct 2019,health,357.0,Quarterly,Oct 08 2021,7615.0
Vehicle Insurance,Life Guard,06/18/10,Auto,358.0,Monthly,17 Jun 2013  ,47212.0
Life Insurance,Auto Protect,30-04-2020,Life,359.0,Monthly,04/30/22,54260.0
Vehicle Insurance,Life Guard,2020/05/25,Auto,360.0,Quarterly,2024/05/24,41612.0
Vehicle Insurance,Life Secure,Mar 23 2014,Auto,,Monthly  ,,90875.0
Vehicle Insurance,Life Guard,Oct 19 2010,Auto,362.0,Quarterly,18 Oct 2013,85915.0
Health Insurance,Life Guard,11 Jan 2017,Health,363.0,Monthly,11 Jan 2018,26976.0
Life Insurance  ,,11/27/14,Life,364.0,Quarterly,,32769.0 INR
Health Insurance,Life Secure,2016/06/03,health,365.0,Quarterly,06/03/19,59278.0
Health Insurance,Health Shield,14-08-2013,Health,366.0,Quarterly,13-08-2016,99146.0
Health Insurance,Auto Protect,Jul 13 2016,Health,367.0,Monthly,07/13/17,95786.0
Vehicle Insurance,Auto Cover,,Auto,368.0,Yearly,2017/02/23,9903.0
Health Insurance,Life Secure,Aug 29 2015,Health,,Quarterly,28 Aug 2016,16032.0
Health Insurance,Life Secure,2017/07/28,,370.0,Yearly,28 Jul 2018,71130.0
Life Insurance  ,Auto Protect  ,May 10 2013,Life  ,371.0,Yearly,May 10 2015,
Health Insurance,Auto Cover,2011/03/03,Health,372.0,Quarterly,2012/03/02,2732.0
Vehicle Insurance,Life Secure,,auto,373.0,Yearly,04-12-2015,85550.0
Health Insurance,Life Guard,14 Dec 2020,Health,374.0,Quarterly,2021/12/14,79339.0
Health Insurance,Health Shield,25 Aug 2020,health,375.0,Quarterly,,82044.0
Health Insurance,Auto Cover,Jan 25 2010,Health,376.0,,2011/01/25,49250.0
Health Insurance,Life Guard,May 31 2016,Health,377.0,Yearly,May 30 2021  ,29338.0
Vehicle Insurance,Health Shield,03/15/20,Auto,378.0,Quarterly,Mar 14 2024,79354.0 INR
Health Insurance,Auto Protect,Nov 27 2018,Health,379.0,Yearly  ,2020/11/26,93200.0
Vehicle Insurance,Life Secure,2017/03/14,Auto,380.0,yearly,14 Mar 2018,87620.0
Vehicle Insurance,Health Shield,12/26/17,Auto,381.0,Quarterly,25 Dec 2022,57718.0 INR
Vehicle Insurance,Health Shield,Aug 23 2019,Auto,382.0,,2024/08/21,13423.0 INR
,Life Guard,03-07-2019,Health,383.0,Monthly,2020/07/02,28694.0
Vehicle Insurance,,23-11-2019,Auto,384.0,,21-11-2024,37847.0
Vehicle Insurance  ,,06 Dec 2019,Auto,385.0,Quarterly,Dec 05 2021,21466.0
Vehicle Insurance,Auto Cover,Nov 15 2018,Auto,386.0 INR,Monthly,nov 14 2023,64673.0
Health Insurance,Life Guard,12/04/20,Health,387.0 INR,Monthly,12/04/21,86501.0
Health Insurance,Auto Cover,17-12-2014,Health,388.0,Monthly,2017/12/16,44921.0
Health Insurance,Health Shield,02 Mar 2015,Health,389.0,quarterly,Feb 29 2020,29572.0
Life Insurance,Life Guard,,Life,390.0,Quarterly,14 Feb 2023,81805.0 INR
Vehicle Insurance,Auto Cover,13 Jun 2011,Auto,391.0,Quarterly,11 Jun 2016,97257.0
Health Insurance,Life Guard,25 Oct 2017,Health,,Quarterly,Oct 24 2022,28690.0
Vehicle Insurance,Auto Cover,04/14/15,Auto,393.0,Monthly,12 Apr 2020,46232.0
,Life Guard  ,01/11/17,Health,394.0,Monthly,Jan 11 2018,37031.0
Life Insurance,Life Secure,02/03/12,Life,395.0,Quarterly,2014/02/02,63484.0 INR
Health Insurance,life secure,17-12-2018,Health,396.0,Quarterly,17 Dec 2019,85706.0 INR
Health Insurance,Auto Protect,29-10-2017,health,397.0,Yearly,28 Oct 2020,14852.0
Health Insurance,Auto Protect,Aug 15 2018,health,398.0,Quarterly,14 Aug 2023,66475.0
health insurance,Health Shield,Aug 25 2020,Health,399.0,Quarterly,24-08-2025,1252.0
Life Insurance,Life Guard,2020/08/10,Life,400.0,Yearly,2024/08/09,54476.0
Vehicle Insurance,Life Guard,2020/11/16,Auto,401.0,Quarterly,Nov 15 2025,99789.0
Vehicle Insurance,Auto Cover,Apr 13 2015,Auto,402.0,Yearly,12-04-2019,84207.0
Life Insurance,Life Guard,15 Feb 2020,Life,403.0 INR,Quarterly,02/14/23,9361.0
Life Insurance,Health Shield,25 Sep 2020,Life,404.0,Yearly,25-09-2023,48060.0
Health Insurance,Auto Cover,08/05/10,Health,405.0,yearly,05 Aug 2011,55703.0
Health Insurance,Auto Cover,Jun 01 2016,Health  ,406.0,,May 31 2020,97839.0 INR
Life Insurance,auto protect,2016/08/04  ,Life,407.0,Monthly,08/04/18,9953.0
Vehicle Insurance,Health Shield,2019/04/07,Auto,,Monthly,Apr 06 2020,49412.0 INR
Life Insurance,,2019/06/05,Life  ,409.0,Monthly,06/04/22,
Life Insurance,Life Guard,22 Jun 2010,,410.0,Quarterly,21-06-2013,19263.0
Health Insurance,auto cover,Nov 16 2017,Health,411.0,Quarterly  ,Nov 16 2018,30214.0
Health Insurance,Life Guard,04 Dec 2020,Health,412.0,Monthly,04 Dec 2021,55203.0
health insurance,Auto Cover,08/01/16,Health,413.0,Yearly,07/31/21,72643.0
Vehicle Insurance,Auto Cover,Apr 07 2015,Auto,414.0,Monthly,06 Apr 2018,55401.0
Health Insurance,Life Guard,10-10-2016,Health,415.0,Quarterly,2018/10/10,2886.0
Vehicle Insurance,Life Guard,apr 30 2020,,416.0,Yearly,30-04-2021,58658.0 INR
Vehicle Insurance  ,Health Shield,2018/01/11,Auto  ,417.0,Quarterly,10 Jan 2022,361.0
Life Insurance,Auto Protect,09-02-2013,Life,418.0,Quarterly,,90012.0 INR
Health Insurance,Life Secure,31 Oct 2013,Health,419.0,Yearly,10/30/17,28410.0
Life Insurance,Life Secure,11-03-2020,Life,420.0,Monthly,11 Mar 2022,80102.0
Vehicle Insurance,Life Guard,07/28/18,Auto,421.0,Monthly,07/28/19,23243.0
Life Insurance,Life Guard,05/12/14,Life,422.0,Yearly,2015/05/12,50672.0
life insurance,Auto Protect,19-10-2016,Life,423.0,Monthly,Oct 18 2021,31121.0
Vehicle Insurance,life guard,13-12-2011,Auto,424.0,Monthly,12/11/16,80110.0
Life Insurance,Life Guard,19 Nov 2020,Life,425.0,quarterly,11/19/23,34641.0
Life Insurance,Auto Protect,,life,426.0,,23 Apr 2014,65150.0
Health Insurance  ,Life Guard,02/03/10,Health,427.0,Quarterly  ,02-02-2015  ,42064.0
Health Insurance,Auto Protect,10 Mar 2019,Health,428.0,Quarterly,08 Mar 2024,32828.0
health insurance,Auto Protect,06 Nov 2017,Health,429.0,Quarterly,11/06/18,18291.0
,Auto Protect,2011/06/23,Auto,430.0,Yearly,06/22/13,99921.0
Health Insurance,life guard,03/10/12,,431.0,Monthly,03/09/17,
Life Insurance,Life Secure,Mar 28 2019,Life,432.0,Quarterly,Mar 27 2022,62635.0
Vehicle Insurance,Health Shield,15-03-2020,Auto,433.0,Quarterly,14 Mar 2024  ,95062.0
Life Insurance,Auto Protect,2012/03/03,Life,434.0,Monthly,03 Mar 2013,61388.0
Health Insurance,Life Secure  ,02 Apr 2011,Health,435.0,Yearly,Mar 31 2016,24056.0
Health Insurance,Health Shield,2011/10/06,Health,436.0,Yearly,05 Oct 2014,52765.0
Vehicle Insurance,Auto Cover,2015/06/29  ,Auto,437.0,Quarterly,2019/06/28,47206.0
Life Insurance,Health Shield,09/21/11,Life  ,438.0,Monthly,2015/09/20,29610.0
Life Insurance,Life Guard,,Life,439.0,Quarterly,03/24/18,5671.0
,Life Guard,04/13/11,Auto,440.0,Yearly,Apr 12 2015,19796.0
Health Insurance,Health Shield  ,2020/08/10,Health,441.0 INR,Monthly,Aug 09 2024,72285.0
Life Insurance,Auto Protect,22-03-2015,Life,442.0,Quarterly,Mar 20 2020,67393.0
Vehicle Insurance,Life Secure,27 Dec 2013,Auto,443.0,Monthly,26 Dec 2017,94729.0
,Life Guard,06 Jun 2011,Auto,444.0,Monthly,05-06-2014,26166.0
Health Insurance,Life Guard,09/25/17,Health,445.0,Yearly,09/24/22,16003.0
Life Insurance,Health Shield,08/04/17,Life,446.0,Monthly,,53234.0
Life Insurance  ,Auto Protect,11/07/12,Life,447.0,Quarterly,06 Nov 2017,95480.0
Life Insurance,Life Guard,04 Feb 2019  ,Life,448.0,Monthly  ,2022/02/03,73166.0 INR
Vehicle Insurance,Life Guard,12/06/20,Auto,449.0,Yearly,12/06/21,71464.0
Life Insurance,life guard,14-04-2014  ,Life,450.0,Yearly,13 Apr 2017,55637.0
,Auto Protect,29 Nov 2018,Health,451.0,Yearly,28-11-2020,25739.0
Vehicle Insurance,Life Secure,,Auto,452.0 INR,Quarterly,11 Sep 2014  ,25037.0 INR
Health Insurance,Life Secure,,Health,453.0,Monthly,2020/01/04,85399.0
Health Insurance,Life Secure,15 Sep 2016,Health  ,454.0,Monthly,09/15/17,81912.0
Vehicle Insurance,Life Guard,05 Mar 2017,Auto,455.0,Quarterly,Mar 04 2020,68444.0
Health Insurance,Auto Cover,2017/05/25,Health,456.0,Quarterly,May 24 2021,26919.0
Vehicle Insurance,Health Shield,15 Mar 2020,Auto,457.0,quarterly,2024/03/14  ,36822.0
Vehicle Insurance,Life Guard,05/09/20,Auto,458.0 INR,Yearly,08-05-2025,68114.0
,Life Guard,2019/10/12,Life,459.0,Quarterly,11 Oct 2022,95344.0
Health Insurance,Life Guard,Nov 13 2015,Health,460.0,Monthly,,57431.0
Life Insurance,Auto Cover,08 Apr 2014,Life,461.0 INR,Quarterly,04/08/15,75873.0
Vehicle Insurance,,30 May 2014,Auto,462.0,Yearly,30 May 2015,40796.0
Vehicle Insurance,Health Shield,02-07-2020,Auto,463.0,Monthly,Jul 02 2022,151.0
Health Insurance,Life Secure,,,464.0,Quarterly,08 Oct 2021,85638.0
Vehicle Insurance,Auto Cover,21 Jan 2013,Auto,465.0 INR,Yearly,Jan 21 2016,92264.0
Health Insurance,,2020/07/27,Health,466.0,Monthly,27-07-2022,75246.0
Health Insurance,Life Guard,07-01-2019,Health,467.0,,06 Jan 2022,99975.0
vehicle insurance,Life Guard,18-06-2017,auto,468.0,Yearly,2019/06/18,49907.0 INR
Health Insurance,Health Shield,2014/12/29  ,Health,469.0,Quarterly,Dec 29 2015,43826.0
Life Insurance,Auto Cover  ,2019/03/14,Life,470.0,Yearly,13 Mar 2020,31502.0 INR
Vehicle Insurance  ,Health Shield,02 Jan 2015,Auto,471.0,Yearly,Jan 02 2016,85462.0 INR
Health Insurance,Auto Cover,25-05-2017  ,Health,472.0,Quarterly,2021/05/24,48246.0 INR
Health Insurance,Auto Cover,07/27/14,Health,473.0 INR,monthly,07/26/17,44603.0
Life Insurance,Life Secure,12 Jul 2017,Life,474.0 INR,Yearly,11-07-2020,78070.0
Life Insurance,Auto Cover,09 Jul 2013,Life,475.0,Yearly,Jul 08 2018,1254.0
Life Insurance,,08-04-2011  ,Life,476.0,Quarterly  ,Apr 07 2014,63746.0
Vehicle Insurance,life secure,07/19/14,Auto,477.0 INR,Yearly,07/19/15,
health insurance,Health Shield,07/20/17,Health,,Quarterly,2018/07/20,17435.0
Life Insurance,Life Secure,01-05-2015,Life,479.0,Monthly,29 Apr 2020,36727.0 INR
Life Insurance,Life Guard,27 Jan 2013,Life,480.0,Quarterly,2014/01/27,44164.0
Health Insurance,Life Guard,17 Feb 2018,Health,481.0,Yearly,16-02-2021,41669.0
Life Insurance,Auto Cover,11/21/13,Life,482.0,Yearly,Nov 20 2016,94541.0
Vehicle Insurance,Auto Cover,04/20/16,Auto,483.0,Quarterly,04/20/18,41567.0
Health Insurance,Auto Cover,nov 30 2017,Health,484.0,Quarterly,29 Nov 2021,33958.0
Health Insurance,Health Shield,07/28/17,Health,485.0,Quarterly,,49381.0
Life Insurance,Auto Protect,03/26/18,Life,486.0 INR,Monthly,Mar 25 2022,21245.0
Vehicle Insurance,Life Secure,08/17/17,Auto  ,487.0,Monthly,08/17/18,81875.0
Life Insurance,Auto Cover,11-10-2018,Life,488.0,Monthly,10/10/20,81657.0 INR
Life Insurance,Auto Protect,Jan 01 2012,Life,489.0,Monthly,12/31/15,93949.0
Life Insurance,,Dec 03 2011,Life,490.0,Quarterly,12/02/14,65669.0
Health Insurance,Auto Protect,Jul 01 2016,Health,491.0,Monthly,2018/07/01,43164.0
Health Insurance,Health Shield,2011/06/01,Health,492.0,Quarterly,30-05-2016,46552.0
Life Insurance,Health Shield,22-06-2014,,493.0,Quarterly,21-06-2018,5231.0
Life Insurance,Auto Cover,2017/05/20,Life,494.0,Quarterly,,43751.0
Health Insurance  ,Health Shield,Feb 09 2012,Health,495.0,Monthly,08-02-2013,80183.0
Health Insurance,Health Shield,01 Jun 2011,Health,496.0,Quarterly,30-05-2016,15548.0 INR
Life Insurance,Health Shield,Nov 07 2019,Life,497.0 INR,Monthly,06-11-2021,30748.0
Vehicle Insurance,Life Secure  ,19-07-2014,Auto,498.0,Yearly  ,Jul 19 2015,22797.0
Vehicle Insurance,Health Shield,2016/01/14,Auto,499.0,Monthly,13 Jan 2020,9639.0 INR
Life Insurance,Auto Protect,30 May 2016,Life,500.0 INR,Yearly,30 May 2019,99715.0
Vehicle Insurance,,03-05-2012,Auto,,,May 02 2017,55853.0
Life Insurance,Life Secure,Jul 18 2011,,502.0 INR,Monthly,Jul 17 2013,54394.0
Health Insurance,Auto Protect,11/25/20,Health,503.0,,25-11-2022,5489.0
Vehicle Insurance,Life Secure,04/14/13,Auto,,Monthly,13-04-2017,27173.0
Health Insurance,Health Shield,,Health,505.0,Monthly,08/09/21,34004.0
Health Insurance,Life Guard,30-11-2010,Health,506.0,Monthly,2014/11/29,33572.0
,Health Shield,10-12-2013,Life,507.0,Quarterly,Dec 10 2015,58914.0
Health Insurance,Auto Cover  ,02 Dec 2014  ,Health,508.0,Yearly,Dec 02 2015,17312.0
Life Insurance,Health Shield,04-08-2017,Life,509.0,Monthly,08/04/18,99116.0
Life Insurance,Auto Cover,2012/08/14,life,510.0,Quarterly,08/13/17,39928.0
Vehicle Insurance,Life Secure,06/09/15,auto,511.0,Yearly,08 Jun 2019,35014.0
Life Insurance,Life Secure,29 Apr 2013,,512.0,Quarterly,29-04-2015,15492.0
Health Insurance,Life Guard,09/15/15,Health,,Yearly,Sep 14 2018,70028.0
Life Insurance,Auto Protect,20-01-2014,Life,514.0,Yearly,2019/01/19,85118.0 INR
Vehicle Insurance,Life Guard,18 Feb 2014,Auto,,,2018/02/17,33411.0
Vehicle Insurance,Auto Protect,23 Apr 2011,Auto,516.0,Quarterly,04/22/13,20118.0
Health Insurance,Auto Cover,27-07-2013,Health,517.0,Quarterly,Jul 26 2017,29261.0
Health Insurance,Life Secure,31 Mar 2012,Health,518.0,Yearly,2015/03/31,38210.0
Life Insurance,Auto Protect,Mar 03 2012,Life,519.0 INR,,03 Mar 2013,65243.0
Health Insurance,Life Secure,Aug 03 2010,Health,520.0,Monthly,02-08-2015,19237.0
Health Insurance,Life Secure,17 Aug 2019,Health,521.0,Monthly,2024/08/15,1528.0
Vehicle Insurance  ,Auto Cover  ,13 Jun 2011,Auto,522.0,Quarterly,06/11/16,40584.0
Health Insurance,Life Guard,2011/03/12,health,,Monthly,03/11/15,48591.0 INR
Life Insurance,,Nov 12 2017,Life,524.0,Quarterly,Nov 12 2019,58112.0
Health Insurance  ,Life Guard,08-08-2016,Health,525.0,Quarterly,08/08/18,
Vehicle Insurance,Auto Protect,01/02/12,Auto,526.0,Monthly,,18762.0
Health Insurance,Auto Cover,2013/02/16,Health,527.0,Monthly,feb 16 2015,
Health Insurance,Auto Cover,12-03-2014,Health,528.0,Yearly,11 Mar 2019,46687.0
Vehicle Insurance,,19 May 2013,Auto,529.0,Monthly,18 May 2018,11651.0
Health Insurance,Auto Protect,07/24/19,Health,530.0,Monthly,07/23/23,14061.0
Life Insurance,Auto Cover,Oct 04 2010,Life,531.0,Quarterly,04-10-2011,6998.0
Life Insurance,Life Secure,22-12-2010,Life,532.0,Quarterly,12/21/14,51261.0
Life Insurance,Auto Protect,22-05-2010,Life,533.0,Yearly,21 May 2013,25934.0
Vehicle Insurance,Health Shield,04 Feb 2017,Auto,534.0,Monthly,04-02-2018,54655.0
,Life Secure,2013/04/29,Life,535.0,Quarterly,04/29/15,99554.0
Life Insurance,Auto Cover,2012/06/21,Life,536.0,Yearly,21 Jun 2015,56955.0
Vehicle Insurance,Life Guard,2015/10/13,Auto,537.0,Quarterly,12-10-2018,17973.0
Life Insurance,Life Guard,19 Aug 2012,Life,,Monthly,19 Aug 2014,1890.0
Vehicle Insurance,Life Secure,14-03-2017,Auto,539.0,Yearly,03/14/18,91990.0 INR
Vehicle Insurance,Life Secure,19 Jul 2014,Auto,540.0,Yearly,Jul 19 2015,67417.0 INR
vehicle insurance,Life Secure,Jul 04 2014,Auto,541.0,Quarterly,Jul 03 2019,12450.0
Vehicle Insurance,auto cover,Sep 01 2013,Auto,542.0,Quarterly,Aug 31 2017,36055.0
Health Insurance,Auto Protect,06/25/18,Health,543.0,Monthly,2022/06/24,12213.0 INR
Vehicle Insurance,Health Shield,2017/01/12,Auto,,Quarterly,Jan 12 2020,51675.0
,Health Shield,21-08-2018,Auto,545.0,Quarterly,20 Aug 2021,898.0
Vehicle Insurance,Health Shield  ,02/07/13,Auto,546.0,Monthly,2014/02/07,97757.0
Vehicle Insurance,Auto Protect,09/07/11,Auto,547.0 INR,Monthly,Sep 06 2013,43270.0
Health Insurance,Auto Protect,07 oct 2016,Health,548.0,Monthly,06 Oct 2020,92902.0
vehicle insurance,auto cover,27 Feb 2010,Auto,549.0,Quarterly,,88377.0
Life Insurance,Auto Cover  ,25 Apr 2016,Life,550.0,Monthly  ,24-04-2021,98594.0
Vehicle Insurance,Health Shield,01 Aug 2019,Auto,551.0 INR,Monthly,07/30/24,63653.0 INR
Vehicle Insurance,Life Secure,Jul 10 2016,Auto,552.0,Quarterly,Jul 10 2017  ,53718.0
Health Insurance,Health Shield  ,2010/04/30,Health,553.0,Quarterly,29 Apr 2012,16166.0
Life Insurance,Auto Protect,2013/04/19,Life,554.0,Monthly,Apr 18 2017,53339.0
Life Insurance,Life Guard,Apr 02 2018,Life,555.0,Yearly,02-04-2019,23547.0
Vehicle Insurance,Auto Cover,Mar 03 2020,Auto  ,556.0,monthly,Mar 03 2021,96377.0
Health Insurance,Life Guard,17 Feb 2018,Health  ,557.0,Yearly,Feb 16 2021,1584.0 INR
Life Insurance,Life Secure,Dec 22 2010,Life,558.0,Quarterly,21 Dec 2014,27287.0
Vehicle Insurance,Life Secure,2014/07/04,Auto,559.0,Quarterly,07/03/19,
Life Insurance,Health Shield,10/27/13,Life,560.0,Monthly,2014/10/27  ,4277.0
Life Insurance  ,life guard,2012/09/06,Life,561.0,Yearly,Sep 06 2014,85062.0
Vehicle Insurance,Life Guard,,auto,562.0,Yearly,Mar 07 2014  ,
Life Insurance,Health Shield,12/22/12,Life,563.0,Yearly,2013/12/22  ,
Life Insurance,Health Shield  ,11 Nov 2011,Life,564.0,Yearly  ,2015/11/10,66203.0
Life Insurance,Life Guard,2016/11/08,Life,565.0,Monthly,08 Nov 2018,6522.0
Life Insurance,Health Shield,02/19/10,Life,566.0,Quarterly,02/18/13,47262.0
Vehicle Insurance,Auto Cover,2013/06/19,Auto  ,567.0,Monthly,2015/06/19,22519.0
Health Insurance,Health Shield,2015/04/20,Health,568.0,,04/19/16,30010.0
Life Insurance,Life Secure  ,2018/05/14,Life,569.0,Quarterly,may 13 2022,60525.0
Life Insurance,Auto Cover,10/14/13,Life,570.0 INR,Quarterly,10/13/17,59586.0
Vehicle Insurance,Health Shield,08/23/19,Auto,571.0 INR,Quarterly,Aug 21 2024,78776.0
Health Insurance,Life Secure,07/06/13,Health,572.0,Quarterly,05-07-2017,38160.0
health insurance,Life Secure  ,Jul 06 2013  ,Health,573.0,Quarterly,,86242.0
Life Insurance,Life Guard,07/26/16,Life,574.0,Monthly,07/26/17,37748.0
Life Insurance,life secure,31 Mar 2010,Life,575.0,Monthly,Mar 31 2011,
Vehicle Insurance,Life Guard,13 Oct 2015,Auto,576.0,Quarterly,,50116.0 INR
Vehicle Insurance,Life Guard,2010/10/26,Auto,577.0,Yearly,2011/10/26,92246.0
Health Insurance,Life Guard,03/10/12,Health,578.0,Monthly,Mar 09 2017,63379.0
Life Insurance,Health Shield,May 01 2015,Life,579.0,Monthly,04/30/18,71120.0
Vehicle Insurance,Life Secure,10/24/13,Auto,580.0 INR,Quarterly,23 Oct 2017,98229.0
Life Insurance  ,Auto Cover,04 oct 2010,Life,581.0,Quarterly,2011/10/04,59322.0
Vehicle Insurance,Auto Cover,2016/01/20,Auto,582.0,Yearly,01/19/17,18141.0
Vehicle Insurance,Auto Cover,2015/04/13,Auto,583.0,Yearly,12 Apr 2019,99809.0
Vehicle Insurance,Auto Protect,01/18/18,Auto,584.0,,17 Jan 2023,79044.0 INR
,Life Secure  ,06/30/13  ,Life,585.0,Quarterly,29-06-2016,73001.0
Life Insurance,Auto Protect,Dec 18 2016,Life  ,586.0,Monthly  ,2019/12/18,53863.0
Life Insurance,Life Guard,Aug 10 2011,Life,587.0,Yearly,09 Aug 2012,76521.0
Life Insurance,Life Secure,12/25/19,Life,588.0,Monthly,12/24/20  ,2376.0
Vehicle Insurance,Health Shield,02/03/11,Auto,589.0,Quarterly,02-02-2016,38334.0
Life Insurance,health shield,29-02-2016,Life,590.0,Monthly,02/28/19  ,
Health Insurance,Auto Protect,05/12/11,Health,591.0,Monthly,2014/05/11,86145.0
Vehicle Insurance,Life Guard,2010/04/01,auto,592.0 INR,Yearly,2012/03/31,79627.0
Life Insurance,auto cover,Jun 25 2013,Life,,Monthly,2017/06/24  ,46905.0
Life Insurance,Auto Protect,01-12-2016,Life,594.0,Monthly,Nov 30 2020,64331.0
Health Insurance,,03-08-2011,Health,595.0,Quarterly,02 Aug 2015,83796.0
Health Insurance,Auto Protect,Aug 08 2019,Health,596.0 INR,yearly,,82573.0
Vehicle Insurance,Health Shield,15 Dec 2014,Auto,597.0,Yearly,14 Dec 2016,84956.0
Life Insurance,Life Secure,10-04-2017,Life,598.0,Quarterly,Apr 10 2019,41927.0
Vehicle Insurance,Life Secure,29 Sep 2020,Auto,599.0,,,76273.0
Life Insurance,Life Secure,2015/11/06  ,Life,600.0,Quarterly,05-11-2018,69256.0
Vehicle Insurance,Life Guard,24-03-2011,Auto,601.0,Monthly,22-03-2016,
Life Insurance,,14 May 2013,Life,602.0,Quarterly,05/13/18,35143.0
Vehicle Insurance,Life Guard,19-10-2010  ,Auto,603.0,Quarterly,2013/10/18,58975.0
Life Insurance,Life Secure,2011/12/03,Life,604.0,Quarterly,Dec 02 2014,66021.0
Life Insurance,Health Shield,27 Oct 2013,Life,605.0,Monthly,2014/10/27,57447.0
Life Insurance,Auto Protect,,Life,606.0,Quarterly,16-12-2020,1539.0
Life Insurance,Auto Protect,2012/09/24,life,607.0,Monthly,23 Sep 2017,70906.0
Life Insurance  ,Auto Protect,19-12-2011,life,608.0,Yearly,,48091.0 INR
Health Insurance,Health Shield,Feb 18 2016,Health,609.0 INR,Monthly,02/17/17,7507.0
Health Insurance,Auto Cover,05/09/15,Health,610.0,Yearly  ,May 08 2019,95687.0
Health Insurance,Auto Protect,2020/07/05,Health,611.0,Yearly,Jul 05 2022,18888.0
Life Insurance,Auto Protect,18-12-2016,,612.0,Monthly,18 Dec 2019,94152.0
Life Insurance,Auto Protect,03/28/13,Life,613.0,Monthly  ,2015/03/28,31035.0
,Life Guard,2018/04/08,Life,614.0,Yearly,Apr 07 2023,89476.0
Vehicle Insurance,Life Guard,09/05/18  ,Auto,615.0,Quarterly,2022/09/04,63558.0
Health Insurance,Life Guard,mar 10 2012,,616.0,Monthly,09-03-2017,59505.0
,Life Secure,Jun 16 2017,Health,617.0,Yearly,16 Jun 2019,58108.0
Life Insurance,Health Shield,Jan 22 2012,Life  ,618.0,Quarterly,21-01-2015,18665.0
Life Insurance,Life Guard,24 Jul 2013,Life,619.0 INR,Quarterly,24 Jul 2014,
Health Insurance,life guard,01/30/11,Health,620.0,Quarterly,jan 30 2012,4540.0
,Life Guard,03-12-2011,Health,621.0,Quarterly,Dec 01 2016,33359.0
Vehicle Insurance,Life Secure,08-07-2011,Auto,622.0,,07 Jul 2012,43125.0
Health Insurance  ,Health Shield,12/07/12,Health,623.0,Yearly,12/06/17,15826.0
Health Insurance,Auto Cover,05 Nov 2016,Health,624.0,Quarterly,Nov 05 2018,59885.0
Life Insurance,Life Guard,09/18/15,Life,625.0,Quarterly,17-09-2019,21925.0
Vehicle Insurance,Auto Cover,21 Jan 2013,Auto,626.0 INR,Yearly,01/21/16,11519.0
Vehicle Insurance,Auto Cover,25 Feb 2012,Auto,627.0,Yearly,2017/02/23,82816.0
Life Insurance,Health Shield,23-04-2014,Life,628.0,Yearly,22 Apr 2018,44363.0
Vehicle Insurance,Health Shield,2017/01/12,Auto,629.0,Quarterly,2020/01/12,63328.0 INR
Health Insurance,Health Shield  ,12/26/19,Health,630.0,Monthly,2022/12/25,30075.0
Vehicle Insurance,Auto Cover,,,631.0,Monthly,2018/07/22,27540.0
Life Insurance,Health Shield,2020/10/12,Life,632.0,Quarterly,11-10-2024,84582.0
Health Insurance  ,Life Secure,Jul 18 2015,Health,633.0,Yearly,17 Jul 2016,64185.0
Health Insurance,Auto Protect,2016/07/01,Health,634.0,Monthly,2018/07/01,35809.0 INR
Vehicle Insurance,,May 16 2013,Auto,635.0,Yearly,16-05-2014,89498.0
Health Insurance,Auto Protect,Nov 06 2017,,636.0,Quarterly,11/06/18,
Health Insurance,Health Shield,14 Jan 2018,Health,637.0,Monthly,13 Jan 2022,66063.0
Life Insurance,Life Guard,2012/09/06,Life,638.0,Yearly,06-09-2014,85219.0
Health Insurance,Auto Cover,11/30/17,Health,639.0,Quarterly,29 Nov 2021,10239.0
Life Insurance,Auto Protect,Nov 20 2020,Life,640.0,Monthly,Nov 20 2023,25796.0 INR
Life Insurance,Health Shield,2018/11/08,Life,641.0,Monthly,Nov 08 2019,14869.0
Vehicle Insurance,Auto Cover,2018/11/15,,642.0,Monthly,2023/11/14,
Life Insurance  ,Auto Cover,Apr 07 2012,Life,643.0 INR,Quarterly,07 Apr 2015,72936.0
Vehicle Insurance,Auto Protect,31-01-2012,Auto,644.0 INR,Yearly,2014/01/30,15079.0
Life Insurance,,2020/11/06,Life,645.0,Quarterly,11/06/23,80589.0
Vehicle Insurance,Auto Protect,15-01-2020,Auto,646.0,Quarterly,Jan 14 2024,9871.0
Vehicle Insurance,Auto Cover,30 Mar 2020,Auto,647.0,Yearly,Mar 30 2021,4249.0
Life Insurance,Life Secure,Aug 16 2020,Life,,monthly,2025/08/15,55677.0
Vehicle Insurance,Life Secure,2015/12/07,Auto,649.0,Quarterly,2017/12/06,62758.0
Life Insurance,Life Guard,Apr 03 2018,Life,650.0,monthly,Apr 02 2021,34753.0
Health Insurance,Auto Protect,10/19/10,Health  ,651.0,Monthly,18 Oct 2014,31460.0
Life Insurance,Life Guard,Mar 17 2015  ,Life,,Quarterly  ,16-03-2019,42093.0
Health Insurance,Health Shield,06 Mar 2012,Health,653.0,Monthly,Mar 06 2015,7798.0
Vehicle Insurance,Life Guard,Apr 01 2010,Auto,654.0,Yearly,Mar 31 2012,99346.0
Life Insurance,Life Secure,01/01/11,Life,655.0,Monthly,01 Jan 2012,87422.0
Vehicle Insurance,Life Guard,,Auto,656.0,Quarterly,2021/04/24,30312.0
Vehicle Insurance,Health Shield,12-10-2010,Auto,657.0,Monthly,2014/10/11,
Life Insurance,Health Shield,06 Aug 2018,Life,658.0,Monthly,2021/08/05,96238.0
Life Insurance,Auto Cover,22-08-2017  ,Life,659.0,Quarterly,22-08-2018,70887.0
Life Insurance,Life Guard,07-08-2012,,660.0,Monthly,07 Aug 2013,26590.0
Health Insurance,auto protect,,Health,661.0,Monthly,18 Jun 2019,9064.0
Life Insurance,Health Shield,2012/12/27,Life,662.0,Quarterly,27 Dec 2014,7805.0 INR
Life Insurance  ,Life Secure,18-07-2011,Life,663.0,Monthly,Jul 17 2013,60898.0
Life Insurance,Auto Protect,2011/01/06  ,Life,,Monthly,,18826.0
vehicle insurance,Auto Cover,20 apr 2012,Auto,665.0 INR,Quarterly,20 Apr 2013,45662.0
Life Insurance,Auto Cover,04/04/11,Life,666.0,Monthly,Apr 03 2013,66254.0
Life Insurance,Life Guard,03/14/10,Life,667.0 INR,Quarterly,03/13/15,62120.0
Life Insurance,Auto Cover,02/15/12,Life,668.0,Yearly,14-02-2016  ,97043.0
Vehicle Insurance,Auto Protect,,Auto,669.0 INR,Quarterly,Dec 12 2019,2892.0
Health Insurance,Auto Cover,Nov 10 2020,Health,670.0,Monthly,09 Nov 2025,34150.0
Vehicle Insurance,Auto Cover,Oct 23 2013,Auto,671.0,Yearly,Oct 23 2014,52068.0
Vehicle Insurance,Life Secure,04/15/19,Auto,672.0,Yearly,2021/04/14,95086.0
Vehicle Insurance  ,Health Shield,05-07-2011,Auto,673.0,Quarterly,Jul 04 2012,9680.0
Life Insurance,Auto Protect,20 Jan 2014,Life,674.0,Yearly,19 Jan 2019,3325.0
health insurance,Life Secure,08/29/15,Health,675.0,Quarterly,Aug 28 2016,37622.0
Life Insurance,Life Guard,,Life,676.0,Yearly,Jul 05 2012,3370.0
Life Insurance,Health Shield,2017/06/18,life,677.0,Yearly  ,Jun 18 2018,90803.0
Vehicle Insurance,Health Shield,12 Oct 2010,Auto,678.0,Monthly,10/11/14,27993.0
Health Insurance,Life Secure,03-08-2010,Health  ,679.0,Monthly,08/02/15,98554.0
Vehicle Insurance,Life Guard,Dec 26 2019,Auto,680.0,Quarterly,12/24/24,66104.0
Vehicle Insurance,Auto Cover,2016/04/20,Auto,681.0,Quarterly,2018/04/20,64986.0
vehicle insurance,Life Secure,10/27/11,Auto,682.0,Yearly,2013/10/26,86340.0
Health Insurance,Auto Protect,25-11-2020,Health,683.0,Monthly,11/25/22,83745.0
Health Insurance,Auto Protect,2018/11/27,Health,684.0,Yearly,Nov 26 2020,72582.0
Health Insurance,Life Guard,Jul 02 2020,Health,685.0,Monthly,07/02/21,55539.0
Life Insurance,Life Secure,2019/06/05,life,686.0,Monthly  ,04-06-2022,92328.0
Life Insurance,Life Guard,01/27/13,Life,687.0,,Jan 27 2014,81846.0
Life Insurance,Auto Protect,2018/04/03,,688.0,Monthly,Apr 02 2021,40613.0
Life Insurance,Health Shield  ,,Life,689.0,Monthly  ,27 Apr 2020,78624.0
health insurance,Life Guard,2015/09/15,Health,690.0,Yearly,14-09-2018,79085.0
Life Insurance,Auto Cover,2010/05/04,Life,691.0,Monthly,05/04/11,63408.0
Vehicle Insurance,Life Secure,Dec 27 2013,auto,692.0,Monthly,12/26/17,75721.0
Life Insurance,Life Guard,24 Dec 2014,Life,693.0,Monthly,2015/12/24,83455.0
Life Insurance,Life Secure,03-07-2017,Life,694.0,Yearly,jul 02 2020,84316.0
Life Insurance,Life Secure,08/16/20,Life,695.0,,08/15/25,84824.0
Life Insurance,Life Guard,17-03-2015,Life,696.0,Quarterly,16 Mar 2019,38208.0
Life Insurance,Auto Cover,,Life,697.0,Quarterly,06/14/15,23961.0
Life Insurance,Life Secure,Mar 31 2010,Life,698.0,Monthly,31-03-2011,22933.0
Life Insurance,Auto Protect,04/19/13,Life,699.0,Monthly,04/18/17,11822.0
Life Insurance,Auto Cover,Jun 21 2012  ,Life,700.0,Yearly,,62909.0
Vehicle Insurance,Life Guard,06/06/11,Auto,701.0,Monthly,Jun 05 2014,29248.0
vehicle insurance,Life Secure  ,Oct 24 2013,Auto,702.0 INR,Quarterly,Oct 23 2017,96279.0
Life Insurance,Auto Protect,2020/07/12,Life,,Monthly,11-07-2024,28987.0
Life Insurance,Life Secure,,Life,704.0,Monthly,Aug 31 2016,35192.0
Life Insurance,Life Guard,Oct 30 2014,Life,705.0,Monthly  ,10/30/15,94767.0
Vehicle Insurance,Life Secure,09/12/10,Auto,706.0,Quarterly,11-09-2014,70767.0
Life Insurance,Auto Cover,06-01-2020,Life,707.0,monthly,Jan 05 2024,2976.0 INR
,,05-07-2020  ,Health,708.0,Yearly,2022/07/05,57291.0
Life Insurance,Health Shield,07/13/11,Life,709.0,quarterly,Jul 12 2012,902.0
Health Insurance,Health Shield,2010/06/10,,710.0,Yearly,06/10/11,70292.0
Life Insurance,Auto Protect,26-04-2013,Life,711.0 INR,Monthly,04/26/15,66671.0 INR
Life Insurance,Health Shield,2014/06/22,Life,712.0 INR,Quarterly,06/21/18,16121.0
Vehicle Insurance,Auto Protect,15-03-2012,Auto,713.0,Yearly,2013/03/15  ,22879.0
Life Insurance,life secure,10-02-2014,Life,714.0 INR,Quarterly,02/09/19,84279.0
Health Insurance,Auto Cover,2015/05/14,Health,715.0,Quarterly,13 May 2017,2849.0
Health Insurance,life secure,2019/02/06,Health,716.0,Yearly,2022/02/05,13834.0
Health Insurance,Life Secure,01 Jun 2012,Health,717.0,Quarterly,01-06-2015,98818.0
Life Insurance,Auto Cover,2013/03/13,Life,718.0,Quarterly,13-03-2015,84722.0
Health Insurance,Life Guard,,Health,719.0,Monthly,02-07-2021,99909.0
,Auto Protect,08 jul 2013,Health,720.0,Quarterly,07 Jul 2016,88981.0
Vehicle Insurance,Life Secure,11/16/11,Auto,721.0,Quarterly,2012/11/15,17321.0
Vehicle Insurance,health shield,21 Oct 2013,Auto,722.0,Yearly,2014/10/21,55014.0
Health Insurance,Life Secure,2017/05/14,Health,723.0,Quarterly,May 13 2021,15669.0
Health Insurance,Auto Protect,09/10/15,Health,724.0,Monthly,09/09/18,27395.0
Health Insurance  ,Auto Protect,11/19/11  ,Health,725.0,Quarterly,11/18/13,13905.0
Life Insurance,Life Secure,10/11/17  ,Life,726.0,Monthly,Oct 10 2021,47579.0 INR
Vehicle Insurance,Life Guard,13 Apr 2011,Auto,727.0,Yearly,04/12/15,58976.0
Life Insurance,Life Guard,,Life,728.0,Yearly,Aug 12 2013  ,29513.0
Life Insurance,Life Secure,11-03-2020  ,Life,729.0,Monthly,2022/03/11,74612.0
Vehicle Insurance,Auto Cover,Feb 09 2013,Auto,730.0,Quarterly,2014/02/09  ,22116.0
Health Insurance,Life Secure,11/22/10,Health,731.0,Quarterly,,78824.0
Health Insurance,Auto Cover,Nov 18 2018,Health,732.0,Yearly,18-11-2019,38250.0
Vehicle Insurance,Auto Cover,2012/10/12,Auto,733.0,Yearly,10/12/15,24130.0
Life Insurance  ,Life Guard,06 Jul 2014,Life,734.0 INR,Yearly,Jul 05 2017,76908.0
,Auto Cover,06/21/12,Life,735.0,Yearly,06/21/15,95369.0 INR
Life Insurance,Health Shield,01 Mar 2017,Life  ,736.0,Monthly,01-03-2019,556.0
health insurance,Auto Protect,28 Jan 2019  ,Health,737.0,Quarterly,01/27/24,48299.0
Vehicle Insurance  ,Health Shield,19-12-2011,Auto,738.0,,18-12-2013  ,42637.0
Vehicle Insurance,Health Shield,2011/07/05,Auto,739.0,Quarterly,07/04/12,96235.0 INR
Health Insurance,Life Guard,Dec 25 2014,Health,740.0,,2015/12/25,73139.0
Life Insurance  ,Auto Protect,04/26/13,,741.0,Monthly,2015/04/26,98172.0
Health Insurance,Auto Protect,26-06-2016,Health,742.0 INR,Monthly,2018/06/26,2930.0
vehicle insurance,Auto Protect,2010/11/23,Auto,743.0 INR,Quarterly,22-11-2013,81836.0
Vehicle Insurance,Life Guard,2011/03/24,Auto,744.0,Monthly,03/22/16,7706.0 INR
Vehicle Insurance  ,Auto Cover,2017/02/15,Auto  ,745.0,Monthly,15-02-2020,
Health Insurance,Auto Protect,01/05/17,Health,746.0,Quarterly,Jan 05 2018,44325.0
Vehicle Insurance,Life Guard,29-01-2012,Auto,747.0,Quarterly,01/28/13,58450.0
Health Insurance,Auto Cover,28-03-2018,Health  ,748.0,Monthly,03/27/21,76379.0
Health Insurance,Auto Protect,2013/05/20,Health,749.0,Quarterly,20 May 2014,45469.0
Life Insurance,Auto Protect,2013/08/17,Life,750.0,Monthly,16-08-2017,64134.0 INR
Life Insurance,Health Shield,12-10-2020,Life  ,751.0,Quarterly,11 Oct 2024,19808.0
Vehicle Insurance,Auto Protect,24 Sep 2014,Auto,752.0,Quarterly,,80172.0
Health Insurance,auto protect,,Health,753.0,Yearly,05-07-2022,4193.0
Vehicle Insurance,Auto Cover,21-01-2013,Auto,754.0,Yearly,21-01-2016,
Life Insurance,Health Shield,16 Sep 2010,Life,755.0,monthly,2011/09/16,77680.0
Health Insurance,Auto Cover,Jan 31 2010,,756.0 INR,Yearly,Jan 30 2015,93523.0
Health Insurance  ,Life Secure,12 Aug 2015,Health,757.0,Yearly,Aug 11 2019,29162.0
Vehicle Insurance,Life Secure,2012/03/21,Auto,758.0,Monthly,21-03-2015,91022.0
Vehicle Insurance,Life Guard,08 Apr 2015,Auto,759.0,Quarterly,04/07/18,27834.0
Vehicle Insurance,Life Secure,19 Jul 2014,Auto,760.0,yearly,07/19/15,11591.0
Life Insurance,Auto Protect,28-03-2015,Life,761.0,,Mar 27 2016,60178.0
Vehicle Insurance  ,Health Shield,09/27/17,auto,762.0,Monthly,09/26/20,43733.0
Health Insurance,Health Shield,Sep 01 2013,Health,763.0,Yearly,01 sep 2015,2526.0
Life Insurance,Life Secure,10/12/10,Life,764.0,Yearly,Oct 11 2014,59281.0
Vehicle Insurance  ,Auto Protect,2015/02/23,Auto,765.0,Yearly,Feb 22 2017,89453.0
Life Insurance,Auto Protect,01/20/14,Life,766.0 INR,Yearly,01/19/19  ,24855.0
Vehicle Insurance,Life Secure,25 sep 2010,Auto,767.0,Yearly,Sep 24 2015,36479.0
Life Insurance,Auto Protect,11-02-2012,Life,768.0,Quarterly,10-02-2016,13658.0 INR
,Health Shield,30 Apr 2015,Life,769.0,Monthly,29 Apr 2017,62055.0
Health Insurance  ,Life Guard,04-09-2011,Health,770.0,Quarterly,03-09-2015,82728.0
Vehicle Insurance,Health Shield,26 Dec 2017,Auto,771.0,Quarterly,Dec 25 2022,17905.0
Vehicle Insurance,Life Secure,10-02-2020,Auto,772.0,Quarterly,Feb 09 2021,65938.0
Vehicle Insurance,,2010/11/15,Auto,773.0,Quarterly,15 Nov 2011,85053.0
Life Insurance,health shield,11 Nov 2011,Life,774.0,Yearly,10-11-2015,65098.0
Health Insurance,Life Secure,08/03/10,Health,775.0,Monthly,Aug 02 2015  ,79792.0
Life Insurance,Life Secure,31 Mar 2010,Life,776.0 INR,Monthly,2011/03/31,55065.0 INR
Life Insurance,Auto Cover,19-10-2013,Life,,Monthly,2014/10/19,4372.0 INR
Life Insurance,Auto Protect,09/26/10,Life,778.0,Quarterly,Sep 25 2014,70746.0
Life Insurance,Auto Cover,19 Jul 2013,Life  ,779.0,Monthly,19 Jul 2014,85921.0
Health Insurance,Auto Protect,2012/05/19,Health,780.0,Yearly,18 May 2017,65578.0
Vehicle Insurance,Health Shield,01/13/20,Auto,781.0,Monthly,01/12/24,
Health Insurance,Health Shield,Jan 25 2012,Health,782.0,Quarterly,01/24/15  ,14199.0
Health Insurance,Health Shield,01/15/14,Health  ,783.0 INR,Yearly,2015/01/15,7638.0
health insurance,Life Guard  ,Feb 17 2018,Health,784.0,Yearly,2021/02/16,13643.0
,Auto Protect,03/27/18,Health,785.0,Yearly,03/26/21  ,86897.0
Health Insurance,Auto Cover,06/22/13,Health,786.0,Quarterly,21-06-2018,83935.0
Vehicle Insurance,Auto Cover,16 Sep 2010,Auto,787.0,Quarterly,09/15/12,9252.0
Life Insurance,Health Shield,13-09-2014,Life,788.0,Monthly,12-09-2016,61708.0
Health Insurance,Life Guard,03 Oct 2019,Health,789.0,Quarterly,,43967.0
Health Insurance,Auto Cover,Mar 25 2018,Health,790.0,Quarterly,24 Mar 2021,99737.0
Health Insurance,Auto Protect,01/29/16,Health,791.0,Yearly  ,01/27/21,6776.0
Life Insurance,Health Shield,2015/04/30,Life,792.0,Monthly  ,29 Apr 2017,26053.0
life insurance,Health Shield,Dec 31 2018,Life,793.0,Yearly,31-12-2019,92372.0
Vehicle Insurance,Life Guard,22 sep 2011,Auto,794.0,Yearly,Sep 21 2014,43961.0
Life Insurance,Life Secure  ,13-07-2013,Life,795.0,Quarterly,12 Jul 2017,28222.0
Life Insurance,Auto Cover,2019/05/03,Life  ,796.0,Yearly,May 01 2024,33645.0
vehicle insurance,Auto Protect,Jul 18 2011,,797.0,Monthly,17 Jul 2012  ,81481.0
Vehicle Insurance,Auto Protect,2014/09/24,,798.0 INR,Quarterly,24-09-2015,75945.0
Vehicle Insurance,Health Shield,2020/03/15,auto,799.0,Quarterly,,25525.0 INR
Health Insurance,Health Shield,Mar 28 2017,Health,800.0,Yearly,28 Mar 2019,24106.0
Health Insurance,Life Secure,08/10/10,Health,801.0,Yearly,2012/08/09,48177.0
Life Insurance,Life Secure,2015/05/15,Life,802.0,Quarterly,05/14/19,83749.0
Vehicle Insurance,Health Shield,2015/08/10,Auto,803.0 INR,Monthly,09 Aug 2018,9458.0
Life Insurance,Life Guard,Apr 03 2018,Life,804.0 INR,,2021/04/02,11498.0 INR
Vehicle Insurance,Life Guard,Oct 19 2010,Auto,,Quarterly,2013/10/18,47532.0
Health Insurance,Life Secure,30-05-2013,Health,806.0,Yearly,May 29 2017,36048.0
,Health Shield,2016/10/11,,807.0,Quarterly,10 Oct 2020,82056.0
,Health Shield,06 mar 2012,Health,808.0,Monthly,06 Mar 2015,95834.0
Vehicle Insurance,Life Secure,02-08-2010,Auto,809.0,Quarterly,2013/08/01,68097.0
Life Insurance,Life Guard,12-09-2012,Life,810.0,Monthly,2013/09/12,75806.0
,Health Shield,01-08-2014,Auto,,Quarterly,,70704.0
Health Insurance,Health Shield  ,2010/04/12,Health,812.0,Yearly,04/11/15,55823.0
Health Insurance,life guard,2011/07/02,Health,813.0,Quarterly,2012/07/01  ,24832.0
,Life Guard,20 Jan 2020,life,814.0,Yearly,01/19/22,94192.0
Health Insurance,Health Shield,Mar 06 2012,Health,815.0,monthly,06 Mar 2015,45163.0
Life Insurance,Health Shield,12/30/16,Life,816.0,Monthly,30 Dec 2019,37136.0
Life Insurance,Auto Cover,27-11-2014,,817.0,Quarterly  ,2015/11/27,83212.0 INR
Health Insurance,Health Shield,06/02/20,Health,818.0,Monthly,02 Jun 2021,74124.0
Vehicle Insurance,Auto Cover,11/25/20,Auto,819.0,Yearly,25 Nov 2022,84016.0
Life Insurance,life guard,08/17/16  ,Life,820.0,Yearly,2020/08/16,5552.0 INR
Life Insurance  ,Auto Protect,Apr 27 2020,Life,821.0,Monthly,2021/04/27,93307.0
Life Insurance,Auto Protect,,Life,822.0 INR,Monthly,2021/01/26,81596.0
Life Insurance,Auto Protect,11 Jan 2017,Life,823.0,Yearly,01/10/22,9286.0
Health Insurance,Life Guard,2017/10/25,Health,824.0,Quarterly  ,24-10-2022,96662.0
Vehicle Insurance,Auto Cover  ,May 19 2013,Auto,825.0,Monthly,05/18/18,92183.0
Life Insurance,Auto Protect,Nov 21 2011,Life,826.0,,2012/11/20,70526.0
Health Insurance,,2010/02/03,Health,827.0,Quarterly,02/02/15,10935.0
Vehicle Insurance,Auto Protect,06/12/12,Auto,828.0,Quarterly,12-06-2014,3824.0
Life Insurance,Life Secure,2010/12/22,,829.0,Quarterly,21-12-2014,37826.0
Vehicle Insurance,Life Guard,,Auto,830.0,Quarterly,19-07-2017,51645.0
Vehicle Insurance,Health Shield,19 Dec 2011,Auto  ,831.0,Quarterly,18 Dec 2013,25799.0
Vehicle Insurance,Health Shield,2014/09/15,Auto,832.0,Yearly,Sep 14 2017,36485.0
Health Insurance,Life Guard,14 Dec 2020,Health,,Quarterly,Dec 14 2021,80186.0 INR
Life Insurance,Auto Protect,30-05-2016,Life,834.0,Yearly,30 May 2019,10509.0
Life Insurance,Life Guard  ,04 oct 2014,Life,835.0,Monthly,2016/10/03,83754.0 INR
Vehicle Insurance,Auto Cover,2018/11/15,Auto,,Monthly,2023/11/14,8748.0
Health Insurance,Health Shield,Dec 26 2019,Health,837.0,Monthly,25 Dec 2022  ,24216.0
Vehicle Insurance,Health Shield,12/19/11,Auto,838.0,Quarterly,12/18/13,5644.0
Health Insurance,Life Secure,,Health,839.0 INR,Quarterly,05/13/21,19663.0
Life Insurance,Auto Protect,16 Jan 2017,Life,840.0,Quarterly,15-01-2021  ,87928.0
Life Insurance,Auto Cover,,Life,841.0 INR,Yearly,2024/05/18,30878.0 INR
health insurance,Auto Cover,27-07-2014,,842.0,Monthly,Jul 26 2017,42263.0
Health Insurance,Life Secure,30-03-2018,Health,843.0,Quarterly  ,2022/03/29  ,70777.0 INR
Vehicle Insurance,Life Secure,16-11-2011,Auto,844.0,Quarterly,2012/11/15,98259.0
Life Insurance,Life Secure,2018/08/21,Life,845.0,Quarterly,20-08-2022,89500.0
Life Insurance,Life Guard,20-11-2011,Life,846.0,Monthly,Nov 19 2014,83256.0
life insurance,Auto Protect,19-04-2013,Life,847.0,Monthly,04/18/17,35370.0
Life Insurance,Life Guard,Jan 28 2015,Life,848.0,Yearly,27 Jan 2019,77275.0
Vehicle Insurance,Health Shield,01-05-2011,Auto,849.0,Monthly,30 Apr 2012,36464.0
Vehicle Insurance,Auto Cover,31 Dec 2017,Auto,850.0,Yearly,30 Dec 2021,98749.0
Health Insurance,Life Guard,07 Jan 2019,Health,851.0,Monthly,2022/01/06,5416.0
Vehicle Insurance,Life Secure,03-08-2016,Auto,852.0,Yearly,03 Aug 2018,7883.0
Health Insurance,Life Secure,Nov 20 2017,Health,853.0,Yearly,2022/11/19,
health insurance,auto protect,Jan 05 2017,Health,854.0 INR,Quarterly,Jan 05 2018,
Health Insurance,auto protect,May 24 2016,Health,855.0,Yearly,05/24/17,39060.0
Vehicle Insurance,Life Secure,29-04-2018,Auto,856.0,Monthly,2020/04/28,98861.0
Health Insurance,Life Guard,02/17/18,Health,857.0,Yearly,02/16/21,96238.0
Health Insurance,Life Guard,02/03/10,Health,858.0,Quarterly,2015/02/02,81677.0
Health Insurance,Health Shield,2011/08/07,Health,859.0,Monthly,Aug 06 2013,37686.0
Health Insurance,Auto Cover,Jun 22 2013,Health,860.0,Quarterly,21 Jun 2018,
Life Insurance,Auto Cover,12/01/12,Life,861.0 INR,Quarterly,Dec 01 2014,45834.0
Vehicle Insurance  ,Auto Protect,08/28/13,Auto,862.0,Monthly,08/28/15,37856.0
Life Insurance,Life Guard,2020/05/28,Life,863.0,Quarterly,,59532.0
Life Insurance,Life Guard,11/19/20,Life,864.0,Quarterly,2023/11/19,24214.0
Life Insurance,Life Secure,11 Oct 2016,Life,865.0,Yearly,10/10/21,7213.0
Health Insurance,auto cover,Aug 17 2014,Health,,Monthly,Aug 16 2016,98718.0 INR
Life Insurance,Health Shield,04-09-2010,Life,867.0,Monthly,Sep 03 2013,88692.0
Health Insurance,Auto Cover,12 Mar 2014,Health,868.0,Quarterly,11 Mar 2016,28734.0 INR
Vehicle Insurance,,22 Sep 2011,auto,869.0,Yearly,21 Sep 2014,44965.0
Life Insurance,Auto Cover,06 Sep 2010,Life,870.0,Yearly,,61562.0
Life Insurance  ,Health Shield,02/29/16,Life,871.0,Monthly,28 Feb 2019,74158.0 INR
Health Insurance,Auto Cover,06-04-2013,Health,872.0 INR,Quarterly,Apr 06 2014,21008.0
Health Insurance  ,Life Secure,22 May 2014,Health,873.0,Yearly,21 May 2018,46173.0
Life Insurance,Auto Protect,02/11/12,Life,874.0,Quarterly,2016/02/10,58647.0
Life Insurance  ,Auto Protect,2020/04/27,Life,875.0,Monthly,27-04-2021,63189.0
Life Insurance,Auto Cover,14-12-2017  ,Life,876.0,Quarterly,13 Dec 2022,73858.0
Life Insurance,Auto Cover,Jul 05 2011,Life,877.0,Quarterly,04 Jul 2014,46671.0
Life Insurance,Life Secure,10/11/17,Life,878.0,Monthly,10-10-2021,79370.0
Life Insurance,Auto Protect,04/25/13,Life,879.0,Yearly,2018/04/24,74855.0
Health Insurance,Auto Cover,2017/11/30,Health,880.0,Quarterly,2021/11/29,73080.0
Life Insurance,Auto Protect,Feb 05 2011,Life,881.0,Yearly,2016/02/04,87739.0
Health Insurance,Life Guard,Oct 28 2019,Health  ,882.0,Monthly,2020/10/27,66673.0
Vehicle Insurance,Life Secure,08/02/10,Auto,883.0,Monthly,2012/08/01,13901.0
Life Insurance,Auto Protect,01-12-2016,life,884.0,Monthly,11/30/20,92194.0
Life Insurance,Auto Protect,Mar 19 2020,Life,885.0,Yearly,Mar 19 2021,21776.0
Life Insurance,Life Secure,30 Oct 2018,Life,886.0,Quarterly,29 Oct 2020,16454.0
Life Insurance,Auto Cover,25-04-2016,Life,887.0,Monthly,Apr 24 2021,2769.0
Vehicle Insurance,Auto Protect,Jan 02 2012,Auto,888.0,Monthly,01/01/14,62588.0
health insurance,Auto Protect  ,May 20 2013,Health,889.0,Quarterly,20-05-2014,93007.0
Vehicle Insurance,life guard,28-07-2018,Auto,,Monthly,07/28/19,53279.0
Health Insurance,Life Secure,03 Jun 2016,Health,891.0,Quarterly,03 Jun 2019,69263.0 INR
Vehicle Insurance  ,Auto Cover,19-06-2013,Auto,892.0,Monthly,06/19/15,71745.0
Health Insurance,,19 Oct 2015,Health,893.0,Yearly,2017/10/18,62305.0
Vehicle Insurance,Life Guard,20-07-2013,Auto,894.0,Quarterly,07/19/17,7638.0
Vehicle Insurance,Health Shield,sep 15 2014,Auto  ,895.0,Yearly,14-09-2017,43724.0
Life Insurance,auto cover,10/11/18,Life,896.0,Monthly,10 Oct 2020,48883.0
Health Insurance,Auto Protect,19 Nov 2011,Health,897.0,,11/18/13,81432.0
Vehicle Insurance,Life Secure,12 Aug 2010,Auto,898.0,Monthly,,33993.0
Health Insurance,Life Guard,2011/03/12  ,Health,899.0,Monthly,11-03-2015,77182.0
Vehicle Insurance,Life Secure,Aug 25 2014,Auto,900.0,Quarterly,24 Aug 2017,4034.0
Life Insurance,Life Guard,03-04-2018,Life,901.0 INR,,,23772.0
Life Insurance,Life Guard,18-02-2018,Life,902.0,Yearly,Feb 18 2020,33098.0
Health Insurance,Auto Cover,12 Jul 2015,Health,903.0,Monthly,Jul 11 2018  ,26261.0
Vehicle Insurance,Life Secure,2011/07/08,Auto,,,07 Jul 2012,90509.0
Life Insurance,,06/30/13,Life,905.0,Quarterly,Jun 29 2016,31359.0
Vehicle Insurance  ,Life Secure,16 Nov 2011,Auto,906.0,Quarterly,11/15/12,76643.0
Vehicle Insurance,Health Shield,2010/01/15,Auto,907.0,Monthly,14-01-2015,99370.0 INR
Health Insurance,Auto Cover,07-04-2018,Health,908.0 INR,Quarterly,2019/04/07,44700.0
Vehicle Insurance  ,Health Shield,12-04-2011,Auto,909.0 INR,quarterly,04/11/14,32936.0
Health Insurance,Auto Protect,10-08-2017,Health,910.0,Monthly,10 Aug 2019,35073.0
Vehicle Insurance,,,Auto,,yearly,Dec 30 2024,98742.0
Health Insurance,Health Shield,12 Mar 2011,Health,912.0,Monthly,11 Mar 2015,67620.0 INR
Life Insurance,Auto Protect,2017/01/16,life,913.0 INR,Quarterly,15 jan 2021,2771.0
Health Insurance,Auto Protect,11/08/20,Health,914.0,yearly,2021/11/08,83855.0
Vehicle Insurance,Auto Protect,02 Sep 2016,Auto  ,915.0,,09/01/20,81724.0
Health Insurance,Life Secure,31 Oct 2013,Health,916.0,Yearly,10/30/17,21580.0
Health Insurance,Life Secure,2010/08/10,Health,917.0,Yearly,08/09/12,19615.0
Life Insurance,Life Guard,Jun 22 2010,Life,918.0,Quarterly  ,21-06-2013,19207.0
Health Insurance,Auto Cover,2018/03/25,health,919.0,Quarterly,Mar 24 2021,93718.0
Vehicle Insurance,Life Secure,11-05-2017,Auto  ,920.0 INR,Quarterly,2022/05/10,83551.0
vehicle insurance,Health Shield,Feb 27 2015,Auto  ,921.0,Monthly,02/26/20,59145.0 INR
Vehicle Insurance,Auto Cover  ,2015/10/30,auto,922.0,Quarterly,29-10-2017,64736.0
health insurance,Auto Cover,2010/08/04,Health,923.0 INR,Yearly,2012/08/03,72788.0
Health Insurance,Auto Protect,04 Aug 2019,Health,924.0 INR,Quarterly,03-08-2021,61190.0
Vehicle Insurance,,2017/04/28,Auto,925.0,Yearly,28-04-2018,51044.0
Life Insurance,Auto Protect,03/22/15,Life,926.0,Quarterly,20 Mar 2020,
Health Insurance,Life Secure,08/03/10,Health,,Monthly,08/02/15,26619.0
life insurance,Life Guard,Dec 11 2018  ,Life,928.0,Yearly,10-12-2020,10950.0
Life Insurance  ,Auto Protect,Jan 20 2014,Life,929.0,,01/19/19,
vehicle insurance,Life Secure,23 Mar 2014,Auto  ,930.0,Monthly,22-03-2018,80443.0 INR
Life Insurance,health shield,22-12-2012,Life,931.0,Yearly,22-12-2013,25989.0
Health Insurance,Auto Protect,Dec 11 2013,Health,932.0,Monthly,12/11/15,7346.0
Life Insurance  ,Auto Cover,Jun 23 2017,Life,933.0,Quarterly  ,22-06-2022,81598.0
Life Insurance,Life Guard,09-01-2019,Life,934.0,Yearly,2021/01/08,58297.0
Life Insurance,Auto Cover,Jun 06 2011,Life,935.0,,06/05/14,24567.0
Life Insurance,Auto Protect,Sep 26 2010,Life  ,936.0,Quarterly,25-09-2014,11882.0
Life Insurance,Life Secure,29 Jun 2013,Life,937.0,Monthly,2015/06/29,1396.0
Vehicle Insurance,Life Guard,26-10-2010,Auto,938.0,Yearly,Oct 26 2011,22311.0
Health Insurance,Health Shield,2019/09/01,Health,939.0,Monthly,31 Aug 2020,94018.0
Vehicle Insurance,Auto Protect,2015/07/08,Auto,940.0,Monthly,2017/07/07,66591.0
Life Insurance,Life Secure,May 23 2020  ,Life,941.0 INR,Monthly,22 May 2024,94745.0
Vehicle Insurance,Auto Cover,Sep 01 2013,Auto,942.0,Quarterly,31 Aug 2017,80057.0
Health Insurance,Auto Protect,Aug 03 2011,Health,943.0,Quarterly,08/02/15,35317.0
Vehicle Insurance,life secure,2015/06/09,Auto,944.0,Yearly,Jun 08 2019,67324.0
Life Insurance,Auto Protect,,Life,945.0,Monthly,14-11-2024,50300.0
Life Insurance,Auto Protect,2017/11/12,Life,946.0,Quarterly,12 Nov 2019,
Health Insurance,Health Shield,2012/12/07,Health,947.0,Yearly,2017/12/06,64351.0
Life Insurance,Health Shield,07 Nov 2019  ,Life,948.0,Monthly,2021/11/06,26617.0
Vehicle Insurance,Life Guard,,Auto,949.0,Quarterly,2015/01/17,68606.0 INR
Vehicle Insurance,Life Secure,2020/09/29,Auto,950.0,Yearly  ,2023/09/29,98261.0
Health Insurance,Auto Cover,01/21/14,Health  ,951.0,Monthly,21 Jan 2015,74563.0
Health Insurance,,2016/05/31,Health,952.0,,05/30/21,90381.0
Vehicle Insurance,Life Secure,31 May 2019,Auto,953.0,Monthly,30 may 2021,27899.0
Vehicle Insurance,Life Guard,08-03-2014,Auto,954.0 INR,Monthly,07-03-2018,90629.0
Vehicle Insurance,Auto Cover  ,2013/05/19  ,Auto,955.0 INR,Monthly,05/18/18,41664.0
Health Insurance,Health Shield,2014/01/17,Health,956.0,Monthly,2018/01/16,1209.0
Life Insurance,Auto Protect,2015/03/22,Life,957.0 INR,Quarterly,Mar 20 2020,47604.0
Life Insurance,Auto Protect,06/01/19,Life,958.0,Quarterly,31 May 2021  ,15974.0 INR
Life Insurance,Auto Protect,04/27/20,Life  ,959.0,Monthly  ,,55406.0
Health Insurance,auto cover,Jan 27 2016,,960.0,Quarterly,Jan 26 2018,59237.0
Vehicle Insurance,Auto Cover,2018/11/15,Auto,961.0 INR,Monthly,,2733.0
Life Insurance,Auto Cover,25 Dec 2016,Life,962.0,Yearly,25 Dec 2019,97416.0
Vehicle Insurance  ,Auto Cover,10/23/12,Auto,963.0,Monthly,22-10-2016,84699.0
Vehicle Insurance,Health Shield,jul 05 2016,,964.0,Monthly,05 Jul 2018,8095.0
Vehicle Insurance,Auto Protect,Jan 18 2018,Auto,965.0,Monthly,17-01-2023  ,80213.0
Vehicle Insurance,Health Shield,15 Sep 2014,Auto,966.0,Yearly,Sep 14 2017,50573.0
,Auto Protect,09 Feb 2015,Auto,967.0 INR,Yearly,02/08/19,11730.0
Health Insurance,Life Secure,08/01/18,Health  ,,quarterly,2019/08/01,17161.0
Health Insurance,Life Secure,25 sep 2010,Health,969.0,monthly,,17751.0
Vehicle Insurance,Life Guard,2010/01/05,Auto,970.0,Quarterly,2014/01/04,
Health Insurance,Auto Cover,,Health,971.0,Quarterly,2018/01/26,95792.0 INR
Health Insurance,,11 Dec 2013,Health,972.0,Monthly,2015/12/11,82296.0
Health Insurance,life secure,10/09/19,Health,973.0 INR,Quarterly,08 Oct 2021,52088.0 INR
Health Insurance,Life Secure,2015/08/29  ,Health,974.0,Quarterly,08/28/16,54542.0
Life Insurance,Auto Protect,Nov 28 2017,Life,975.0,Quarterly,27-11-2020,30726.0
Vehicle Insurance,life secure,20 Mar 2014,Auto,976.0,Monthly,03/19/19,83335.0
Vehicle Insurance,Auto Cover,,Auto,977.0,Quarterly,,28208.0
Health Insurance,Health Shield,26 Dec 2019,Health  ,978.0,Monthly,25 Dec 2022,68111.0
Vehicle Insurance,Life Guard,2019/08/23,Auto,979.0 INR,Monthly,2023/08/22  ,48289.0
Life Insurance,Life Secure,05/18/17,Life,980.0,Monthly,17-05-2021,80116.0
Health Insurance,Life Secure,,Health  ,981.0,Quarterly,27 Sep 2021  ,29122.0
Vehicle Insurance,health shield,27 Sep 2017,Auto,982.0,Monthly,09/26/20  ,55821.0
Vehicle Insurance,Auto Cover,25-11-2020,Auto,983.0,yearly,25-11-2022,92475.0 INR
Health Insurance,Health Shield,2020/08/25,Health,984.0 INR,Quarterly,aug 24 2025,21262.0
Health Insurance,Auto Protect,25 Nov 2020,Health,985.0,Monthly,25 Nov 2022,53022.0
Vehicle Insurance,Life Guard,08/21/12,,986.0,Quarterly,20 Aug 2016  ,97078.0
Life Insurance,Auto Protect,25 apr 2013,Life,987.0,Yearly,24-04-2018,75763.0 INR
Life Insurance,Health Shield,11/08/18  ,Life,988.0,Monthly,11/08/19,87940.0
Vehicle Insurance,Auto Cover,2020/03/30,Auto,989.0 INR,Yearly,Mar 30 2021,52190.0
Health Insurance,Life Guard,2014/06/09,Health,990.0,Quarterly,09 Jun 2015,83600.0 INR
Vehicle Insurance,Life Secure,10-03-2014,Auto,991.0,Monthly,2019/03/09  ,80273.0
Vehicle Insurance,Auto Protect,17-12-2010,Auto,992.0,quarterly,17 Dec 2011,31918.0
Vehicle Insurance,Life Secure,Aug 03 2016,Auto,993.0,Yearly,03 Aug 2018,93191.0
Health Insurance,Auto Cover,12 Jul 2015,Health,994.0,Monthly,11-07-2018,96284.0
Life Insurance,Health Shield,Dec 27 2012,Life,995.0 INR,Quarterly  ,27-12-2014,85833.0 INR
Life Insurance,Auto Cover,22 Jul 2013,Life  ,996.0 INR,Monthly,07/21/16,42897.0
Life Insurance,Life Secure,03/10/13,Life,997.0,Yearly,09-03-2017,45784.0
Vehicle Insurance,Health Shield,10-01-2014,Auto,998.0,Yearly,10 Jan 2015,87621.0
Life Insurance,Life Secure,04/30/10,Life,999.0,Yearly,04/30/11,50770.0
Life Insurance,Life Guard,30 Oct 2014,Life,1000.0,Monthly,2015/10/30,27429.0
